Resource or Program Name,Record Type,Category,Provider Type,Town,ZIP Code,Address,Ages or Population Served,Contact Name,Phone or Contact,Website,License or Registry ID,Infant/Toddler Funded Spaces FY26,Preschool Funded Spaces FY26,School-Age Funded Spaces FY26,Total Funded Spaces FY26,Local Governance Partner,Local Partner Contact,Availability or Cost Notes,Source,Verified or Accessed,Verification Notes
Andover Boe At Early Learning Center,Provider,Early Start CT funded child care,Public School,Andover,06232,"35 School Rd, Andover, CT, 06232",Preschool,Taylor Parker,(860) 742-7339,,EXEMPT; Registry 1658,0,22,0,22,Andover/Hebron/Lebanon LGP,Teresa Surprenant | TSurprenant@eastconn.org,"Contact the program directly for current openings, schedule, eligibility, and family cost.",Connecticut Office of Early Childhood Early Start CT FY26 map,2026-08-25,Official state-funded provider record. Funded-space counts are not the same as current openings.
Abundance of Joy Learning Center,Provider,Early Start CT funded child care,Child Care Center,Ansonia,06401,"195 North Main Street, Ansonia, CT, 06401",Infant/Toddler; School age,Leslie Youngblood,(203) 258-9462,,DCCC.70593; Registry 9472,11,0,2,13,Valley Early Childhood Regional Council,Alyson Stanici | astanisci@ansonia.org | 203-736-5080 ext. 5143,"Contact the program directly for current openings, schedule, eligibility, and family cost.",Connecticut Office of Early Childhood Early Start CT FY26 map,2026-08-25,Official state-funded provider record. Funded-space counts are not the same as current openings.
Ansonia Public Schools Pre-K,Provider,Early Start CT funded child care,Public School,Ansonia,06401,"59 Finney St, Ansonia, CT, 06401",Preschool,Tracy Platt,(203) 736-6964,,DCEX.80523; Registry 2002,0,57,0,57,Valley Early Childhood Regional Council,Alyson Stanici | astanisci@ansonia.org | 203-736-5080 ext. 5143,"Contact the program directly for current openings, schedule, eligibility, and family cost.",Connecticut Office of Early Childhood Early Start CT FY26 map,2026-08-25,Official state-funded provider record. Funded-space counts are not the same as current openings.
Julia Day Nursery and Kindergarten,Provider,Early Start CT funded child care,Child Care Center,Ansonia,06401,"76 Central St, Ansonia, CT, 06401",Preschool,Shannon Bullard,(203) 736-2554,,DCCC.12594; Registry 844,0,23,0,23,Valley Early Childhood Regional Council,Alyson Stanici | astanisci@ansonia.org | 203-736-5080 ext. 5143,"Contact the program directly for current openings, schedule, eligibility, and family cost.",Connecticut Office of Early Childhood Early Start CT FY26 map,2026-08-25,Official state-funded provider record. Funded-space counts are not the same as current openings.
TEAM-Lower Naugatuck Valley School Early Ch Ed,Provider,Early Start CT funded child care,Child Care Center,Ansonia,06401,"80 Howard Ave, Ansonia, CT, 06401",Infant/Toddler; Preschool,Jamie Peterson,(203) 734-8609,,DCCC.14288; Registry 1589,40,62,0,102,Valley Early Childhood Regional Council,Alyson Stanici | astanisci@ansonia.org | 203-736-5080 ext. 5143,"Contact the program directly for current openings, schedule, eligibility, and family cost.",Connecticut Office of Early Childhood Early Start CT FY26 map,2026-08-25,Official state-funded provider record. Funded-space counts are not the same as current openings.
Valley YMCA Child Care Center - Derby,Provider,Early Start CT funded child care,Child Care Center,Ansonia,06401,"32 Howard Ave, Ansonia, CT, 06401",Preschool,Stephanie Trcka,(203) 732-7778,,DCCC.16707; Registry 2103,0,36,0,36,Valley Early Childhood Regional Council,Alyson Stanici | astanisci@ansonia.org | 203-736-5080 ext. 5143,"Contact the program directly for current openings, schedule, eligibility, and family cost.",Connecticut Office of Early Childhood Early Start CT FY26 map,2026-08-25,Official state-funded provider record. Funded-space counts are not the same as current openings.
Ashford Boe At Ashford Elementary,Provider,Early Start CT funded child care,Public School,Ashford,06278,"440 Westford Rd, Ashford, CT, 06278",Preschool,Polly Borysevicz,(860) 429-6419,,EXEMPT; Registry 1733,0,18,0,18,Ashford LGP,Irene Rowley | irowley@ashfordct.org | 860-487-4417,"Contact the program directly for current openings, schedule, eligibility, and family cost.",Connecticut Office of Early Childhood Early Start CT FY26 map,2026-08-25,Official state-funded provider record. Funded-space counts are not the same as current openings.
YMCA Children's Center,Provider,Early Start CT funded child care,Child Care Center,Bethel,06801,"57 Grassy Plain St, Bethel, CT, 06801",Preschool,Michele Burbage-Halberg,(203) 744-4890,,DCCC.13501; Registry 128,0,67,0,67,Greater Danbury LGP,Eileen Costello | costello@edadvance.org | 860-567-0863 ext.1160,"Contact the program directly for current openings, schedule, eligibility, and family cost.",Connecticut Office of Early Childhood Early Start CT FY26 map,2026-08-25,Official state-funded provider record. Funded-space counts are not the same as current openings.
Bloomfield BOE @ Laurel Elementary School,Provider,Early Start CT funded child care,Public School,Bloomfield,06002,"1 Filley St, Bloomfield, CT, 06002",Preschool,Jennifer Dwyer,(860) 286-2675,,EXEMPT; Registry 9769,0,18,0,18,Alliance for Bloomfield's Children,Gail Nolan | gnolan@blmfld.org | 860-769-5518,"Contact the program directly for current openings, schedule, eligibility, and family cost.",Connecticut Office of Early Childhood Early Start CT FY26 map,2026-08-25,Official state-funded provider record. Funded-space counts are not the same as current openings.
Bloomfield Preschool And Childcare Center,Provider,Early Start CT funded child care,Child Care Center,Bloomfield,06002,"10 Wintonbury Ave, Bloomfield, CT, 06002",Infant/Toddler; Preschool,Stephanie Kapell,(860) 242-0183,,DCCC.12135; Registry 365,48,35,0,83,Alliance for Bloomfield's Children,Gail Nolan | gnolan@blmfld.org | 860-769-5518,"Contact the program directly for current openings, schedule, eligibility, and family cost.",Connecticut Office of Early Childhood Early Start CT FY26 map,2026-08-25,Official state-funded provider record. Funded-space counts are not the same as current openings.
Creative Hearts Learning Academy,Provider,Early Start CT funded child care,Child Care Center,Bloomfield,06002,"1154 Blue Hills Ave, Bloomfield, CT, 06002",Infant/Toddler; Preschool,Leah Fleeting,(860) 263-8868,,DCCC.70433; Registry 8527,30,9,0,39,Alliance for Bloomfield's Children,Gail Nolan | gnolan@blmfld.org | 860-769-5518,"Contact the program directly for current openings, schedule, eligibility, and family cost.",Connecticut Office of Early Childhood Early Start CT FY26 map,2026-08-25,Official state-funded provider record. Funded-space counts are not the same as current openings.
Gladys Rodriguez Family Child Care Home (Laly Love Children Daycare LLC),Provider,Early Start CT funded child care,Family Home,Bloomfield,06002,"1126 Blue Hill Avenue, Bloomfield, CT, 06002",Infant/Toddler,Arunan Arulampalam,(860) 757-9595,,DCFH.56946; Registry 8131,4,0,0,4,Alliance for Bloomfield's Children,Gail Nolan | gnolan@blmfld.org | 860-769-5518,"Contact the program directly for current openings, schedule, eligibility, and family cost.",Connecticut Office of Early Childhood Early Start CT FY26 map,2026-08-25,Official state-funded provider record. Funded-space counts are not the same as current openings.
The First Academy,Provider,Early Start CT funded child care,Child Care Center,Bloomfield,06002,"1151 Blue Hills Ave, Bloomfield, CT, 06002",Infant/Toddler; Preschool,Elith Howard,(860) 206-1907,,DCCC.70269; Registry 7526,16,19,0,35,Alliance for Bloomfield's Children,Gail Nolan | gnolan@blmfld.org | 860-769-5518,"Contact the program directly for current openings, schedule, eligibility, and family cost.",Connecticut Office of Early Childhood Early Start CT FY26 map,2026-08-25,Official state-funded provider record. Funded-space counts are not the same as current openings.
Branford Early Learning Center,Provider,Early Start CT funded child care,Child Care Center,Branford,06405,"16 Birch Rd, Branford, CT, 06405",Infant/Toddler; Preschool; School age,Ariana Loyola,(203) 488-4512,,DCCC.13900; Registry 1475,17,36,5,58,Branford LGP,Kerry Oberg | koberg@uwgnh.org | 203-691-4208,"Contact the program directly for current openings, schedule, eligibility, and family cost.",Connecticut Office of Early Childhood Early Start CT FY26 map,2026-08-25,Official state-funded provider record. Funded-space counts are not the same as current openings.
Branford FRC At Indian Neck School,Provider,Early Start CT funded child care,Public School,Branford,06405,"12 Melrose Ave, Branford, CT, 06405",Preschool,Lauren Skultety,(475) 238-1270,,DCEX.80579; Registry 1622,0,18,0,18,Branford LGP,Kerry Oberg | koberg@uwgnh.org | 203-691-4208,"Contact the program directly for current openings, schedule, eligibility, and family cost.",Connecticut Office of Early Childhood Early Start CT FY26 map,2026-08-25,Official state-funded provider record. Funded-space counts are not the same as current openings.
Alliance for Cmty Empowerment Inc. Inner City Children's Ctr,Provider,Early Start CT funded child care,Child Care Center,Bridgeport,06604,"1070 Park Ave, Bridgeport, CT, 06604",Infant/Toddler; Preschool,Bonita Perry,(203) 366-8241,,DCCC.14425; Registry 296,16,45,0,61,Bridgeport LGP,Camille Harris | charris@bridgeportedu.net | 203-275-1082,"Contact the program directly for current openings, schedule, eligibility, and family cost.",Connecticut Office of Early Childhood Early Start CT FY26 map,2026-08-25,Official state-funded provider record. Funded-space counts are not the same as current openings.
Alliance for Comm Empowerment @ Harding High School,Provider,Early Start CT funded child care,Child Care Center,Bridgeport,06610,"379 Bond Street, Bridgeport, CT, 06610",Infant/Toddler,Dr. Monette Ferguson,(203) 583-1671,,DCCC.70430; Registry 8524,12,0,0,12,Bridgeport LGP,Camille Harris | charris@bridgeportedu.net | 203-275-1082,"Contact the program directly for current openings, schedule, eligibility, and family cost.",Connecticut Office of Early Childhood Early Start CT FY26 map,2026-08-25,Official state-funded provider record. Funded-space counts are not the same as current openings.
Alliance for Comm Empowerment@Trumbull Gardens CCC,Provider,Early Start CT funded child care,Child Care Center,Bridgeport,06606,"715 Trumbull Ave, Bridgeport, CT, 06606",Infant/Toddler; Preschool,Dr. Monette Ferguson,(203) 366-8241,,DCCC.16497; Registry 1581,8,31,0,39,Bridgeport LGP,Camille Harris | charris@bridgeportedu.net | 203-275-1082,"Contact the program directly for current openings, schedule, eligibility, and family cost.",Connecticut Office of Early Childhood Early Start CT FY26 map,2026-08-25,Official state-funded provider record. Funded-space counts are not the same as current openings.
Alliance for Community Empowerment@Cesar Batalla CCC,Provider,Early Start CT funded child care,Child Care Center,Bridgeport,06604,"927 Grand St, Bridgeport, CT, 06604",Infant/Toddler; Preschool,Monette Ferguson,(203) 366-8241,,DCCC.15636; Registry 335,16,45,0,61,Bridgeport LGP,Camille Harris | charris@bridgeportedu.net | 203-275-1082,"Contact the program directly for current openings, schedule, eligibility, and family cost.",Connecticut Office of Early Childhood Early Start CT FY26 map,2026-08-25,Official state-funded provider record. Funded-space counts are not the same as current openings.
Bridgeport Boe At Barnum School,Provider,Early Start CT funded child care,Public School,Bridgeport,06608,"495 Waterview Ave, Bridgeport, CT, 06608",Preschool,Lindsay Davis,(203) 275-1262,,EXEMPT; Registry 1689,0,18,0,18,Bridgeport LGP,Camille Harris | charris@bridgeportedu.net | 203-275-1082,"Contact the program directly for current openings, schedule, eligibility, and family cost.",Connecticut Office of Early Childhood Early Start CT FY26 map,2026-08-25,Official state-funded provider record. Funded-space counts are not the same as current openings.
Bridgeport Boe At Beardsley School,Provider,Early Start CT funded child care,Public School,Bridgeport,06610,"500 Huntington Rd, Bridgeport, CT, 06610",Preschool,Lindsay Davis,(203) 275-1262,,EXEMPT; Registry 1690,0,36,0,36,Bridgeport LGP,Camille Harris | charris@bridgeportedu.net | 203-275-1082,"Contact the program directly for current openings, schedule, eligibility, and family cost.",Connecticut Office of Early Childhood Early Start CT FY26 map,2026-08-25,Official state-funded provider record. Funded-space counts are not the same as current openings.
Bridgeport Boe At Black Rock,Provider,Early Start CT funded child care,Public School,Bridgeport,06605,"545 Brewster St, Bridgeport, CT, 06605",Preschool,Lindsay Davis,(203) 275-1262,,EXEMPT; Registry 6251,0,18,0,18,Bridgeport LGP,Camille Harris | charris@bridgeportedu.net | 203-275-1082,"Contact the program directly for current openings, schedule, eligibility, and family cost.",Connecticut Office of Early Childhood Early Start CT FY26 map,2026-08-25,Official state-funded provider record. Funded-space counts are not the same as current openings.
Bridgeport Boe At Blackham School,Provider,Early Start CT funded child care,Public School,Bridgeport,06606,"425 Thorme St, Bridgeport, CT, 06606",Preschool,Lindsay Davis,(203) 275-1262,,DCEX.80735; Registry 1691,0,36,0,36,Bridgeport LGP,Camille Harris | charris@bridgeportedu.net | 203-275-1082,"Contact the program directly for current openings, schedule, eligibility, and family cost.",Connecticut Office of Early Childhood Early Start CT FY26 map,2026-08-25,Official state-funded provider record. Funded-space counts are not the same as current openings.
Bridgeport Boe At Bryant School,Provider,Early Start CT funded child care,Public School,Bridgeport,06605,"230 Poplar St, Bridgeport, CT, 06605",Preschool,Lindsay Davis,(203) 275-1262,,EXEMPT; Registry 1799,0,18,0,18,Bridgeport LGP,Camille Harris | charris@bridgeportedu.net | 203-275-1082,"Contact the program directly for current openings, schedule, eligibility, and family cost.",Connecticut Office of Early Childhood Early Start CT FY26 map,2026-08-25,Official state-funded provider record. Funded-space counts are not the same as current openings.
Bridgeport Boe At Cesar Batalla School,Provider,Early Start CT funded child care,Public School,Bridgeport,06605,"606 Howard Ave, Bridgeport, CT, 06605",Preschool,Lindsay Davis,(203) 275-1262,,DCEX.80560; Registry 1869,0,36,0,36,Bridgeport LGP,Camille Harris | charris@bridgeportedu.net | 203-275-1082,"Contact the program directly for current openings, schedule, eligibility, and family cost.",Connecticut Office of Early Childhood Early Start CT FY26 map,2026-08-25,Official state-funded provider record. Funded-space counts are not the same as current openings.
Bridgeport Boe At Classical Studies Academy Magnet School,Provider,Early Start CT funded child care,Public School,Bridgeport,06605,"659 Beechwood Ave, Bridgeport, CT, 06605",Preschool,Lindsay Davis,(203) 275-1262,,EXEMPT; Registry 7466,0,18,0,18,Bridgeport LGP,Camille Harris | charris@bridgeportedu.net | 203-275-1082,"Contact the program directly for current openings, schedule, eligibility, and family cost.",Connecticut Office of Early Childhood Early Start CT FY26 map,2026-08-25,Official state-funded provider record. Funded-space counts are not the same as current openings.
Bridgeport Boe At Columbus School,Provider,Early Start CT funded child care,Public School,Bridgeport,06604,"275 George St, Bridgeport, CT, 06604",Preschool,Lindsay Davis,(203) 275-1262,,DCEX.80667; Registry 7503,0,18,0,18,Bridgeport LGP,Camille Harris | charris@bridgeportedu.net | 203-275-1082,"Contact the program directly for current openings, schedule, eligibility, and family cost.",Connecticut Office of Early Childhood Early Start CT FY26 map,2026-08-25,Official state-funded provider record. Funded-space counts are not the same as current openings.
Bridgeport Boe At Dunbar School,Provider,Early Start CT funded child care,Public School,Bridgeport,06607,"445 Union Ave, Bridgeport, CT, 06607",Preschool,Lindsay Davis,(203) 275-1262,,EXEMPT; Registry 7218,0,36,0,36,Bridgeport LGP,Camille Harris | charris@bridgeportedu.net | 203-275-1082,"Contact the program directly for current openings, schedule, eligibility, and family cost.",Connecticut Office of Early Childhood Early Start CT FY26 map,2026-08-25,Official state-funded provider record. Funded-space counts are not the same as current openings.
Bridgeport Boe At Geraldine Claytor Magnet Academy,Provider,Early Start CT funded child care,Public School,Bridgeport,06605,"240 Ocean Ter, Bridgeport, CT, 06605",Preschool,Lindsay Davis,(203) 275-1262,,DCEX.80534; Registry 7259,0,36,0,36,Bridgeport LGP,Camille Harris | charris@bridgeportedu.net | 203-275-1082,"Contact the program directly for current openings, schedule, eligibility, and family cost.",Connecticut Office of Early Childhood Early Start CT FY26 map,2026-08-25,Official state-funded provider record. Funded-space counts are not the same as current openings.
Bridgeport Boe At Hallen School,Provider,Early Start CT funded child care,Public School,Bridgeport,06606,"68 Omega Ave, Bridgeport, CT, 06606",Preschool,Lindsay Davis,(203) 275-1262,,EXEMPT; Registry 1679,0,18,0,18,Bridgeport LGP,Camille Harris | charris@bridgeportedu.net | 203-275-1082,"Contact the program directly for current openings, schedule, eligibility, and family cost.",Connecticut Office of Early Childhood Early Start CT FY26 map,2026-08-25,Official state-funded provider record. Funded-space counts are not the same as current openings.
Bridgeport Boe At High Horizons Magnet School,Provider,Early Start CT funded child care,Public School,Bridgeport,06606,"700 Palisade Ave, Bridgeport, CT, 06606",Preschool,Lindsay Davis,(203) 275-1262,,EXEMPT; Registry 8601,0,18,0,18,Bridgeport LGP,Camille Harris | charris@bridgeportedu.net | 203-275-1082,"Contact the program directly for current openings, schedule, eligibility, and family cost.",Connecticut Office of Early Childhood Early Start CT FY26 map,2026-08-25,Official state-funded provider record. Funded-space counts are not the same as current openings.
Bridgeport Boe At John Winthrop School,Provider,Early Start CT funded child care,Public School,Bridgeport,06606,"85 Eckhart St, Bridgeport, CT, 06606",Preschool,Lindsay Davis,(203) 275-1262,,EXEMPT; Registry 7461,0,18,0,18,Bridgeport LGP,Camille Harris | charris@bridgeportedu.net | 203-275-1082,"Contact the program directly for current openings, schedule, eligibility, and family cost.",Connecticut Office of Early Childhood Early Start CT FY26 map,2026-08-25,Official state-funded provider record. Funded-space counts are not the same as current openings.
Bridgeport Boe At Luis Munoz Marin School,Provider,Early Start CT funded child care,Public School,Bridgeport,06608,"479 Helen St, Bridgeport, CT, 06608",Preschool,Lindsay Davis,(203) 275-1262,,EXEMPT; Registry 6143,0,18,0,18,Bridgeport LGP,Camille Harris | charris@bridgeportedu.net | 203-275-1082,"Contact the program directly for current openings, schedule, eligibility, and family cost.",Connecticut Office of Early Childhood Early Start CT FY26 map,2026-08-25,Official state-funded provider record. Funded-space counts are not the same as current openings.
Bridgeport Boe At Park City Magnet School,Provider,Early Start CT funded child care,Public School,Bridgeport,06606,"1526 Chopsey Hill Rd, Bridgeport, CT, 06606",Preschool,Lindsay Davis,(203) 275-1262,,DCEX.80604; Registry 1932,0,18,0,18,Bridgeport LGP,Camille Harris | charris@bridgeportedu.net | 203-275-1082,"Contact the program directly for current openings, schedule, eligibility, and family cost.",Connecticut Office of Early Childhood Early Start CT FY26 map,2026-08-25,Official state-funded provider record. Funded-space counts are not the same as current openings.
Bridgeport Boe At Read School,Provider,Early Start CT funded child care,Public School,Bridgeport,06608,"130 Ezra St, Bridgeport, CT, 06608",Preschool,Lindsay Davis,(203) 275-1262,,EXEMPT; Registry 1872,0,36,0,36,Bridgeport LGP,Camille Harris | charris@bridgeportedu.net | 203-275-1082,"Contact the program directly for current openings, schedule, eligibility, and family cost.",Connecticut Office of Early Childhood Early Start CT FY26 map,2026-08-25,Official state-funded provider record. Funded-space counts are not the same as current openings.
Bridgeport Boe At Roosevelt School,Provider,Early Start CT funded child care,Public School,Bridgeport,06604,"680 Park Ave, Bridgeport, CT, 06604",Preschool,Lindsay Davis,(203) 275-1262,,EXEMPT; Registry 1821,0,18,0,18,Bridgeport LGP,Camille Harris | charris@bridgeportedu.net | 203-275-1082,"Contact the program directly for current openings, schedule, eligibility, and family cost.",Connecticut Office of Early Childhood Early Start CT FY26 map,2026-08-25,Official state-funded provider record. Funded-space counts are not the same as current openings.
Bridgeport Boe At Skane School,Provider,Early Start CT funded child care,Public School,Bridgeport,06606,"2977 Madison Ave, Bridgeport, CT, 06606",Preschool,Lindsay Davis,(203) 275-1262,,EXEMPT; Registry 6154,0,80,0,80,Bridgeport LGP,Camille Harris | charris@bridgeportedu.net | 203-275-1082,"Contact the program directly for current openings, schedule, eligibility, and family cost.",Connecticut Office of Early Childhood Early Start CT FY26 map,2026-08-25,Official state-funded provider record. Funded-space counts are not the same as current openings.
Bridgeport Boe At Tisdale School,Provider,Early Start CT funded child care,Public School,Bridgeport,06607,"250 Hollister Ave, Bridgeport, CT, 06607",Preschool,Lindsay Davis,(203) 275-1262,,DCEX.80528; Registry 1870,0,18,0,18,Bridgeport LGP,Camille Harris | charris@bridgeportedu.net | 203-275-1082,"Contact the program directly for current openings, schedule, eligibility, and family cost.",Connecticut Office of Early Childhood Early Start CT FY26 map,2026-08-25,Official state-funded provider record. Funded-space counts are not the same as current openings.
Bridgeport Boe At Waltersville School,Provider,Early Start CT funded child care,Public School,Bridgeport,06608,"150 Hallett St, Bridgeport, CT, 06608",Preschool,Lindsay Davis,(203) 275-1262,,DCEX.80571; Registry 1871,0,18,0,18,Bridgeport LGP,Camille Harris | charris@bridgeportedu.net | 203-275-1082,"Contact the program directly for current openings, schedule, eligibility, and family cost.",Connecticut Office of Early Childhood Early Start CT FY26 map,2026-08-25,Official state-funded provider record. Funded-space counts are not the same as current openings.
Bridgeport YMCA/Kolbe Educational Center,Provider,Early Start CT funded child care,Child Care Center,Bridgeport,06608,"401 Kossuth St, Bridgeport, CT, 06608",Infant/Toddler; Preschool,Maria Valentin,(203) 334-5551,,DCCC.16131; Registry 1376,33,150,0,183,Bridgeport LGP,Camille Harris | charris@bridgeportedu.net | 203-275-1082,"Contact the program directly for current openings, schedule, eligibility, and family cost.",Connecticut Office of Early Childhood Early Start CT FY26 map,2026-08-25,Official state-funded provider record. Funded-space counts are not the same as current openings.
Cheyenne's Early Learning Center,Provider,Early Start CT funded child care,Child Care Center,Bridgeport,06606,"4600 Main St, Bridgeport, CT, 06606",Infant/Toddler; Preschool,Pamela Hinton,(203) 521-6408,,DCCC.70107; Registry 1918,48,56,0,104,Bridgeport LGP,Camille Harris | charris@bridgeportedu.net | 203-275-1082,"Contact the program directly for current openings, schedule, eligibility, and family cost.",Connecticut Office of Early Childhood Early Start CT FY26 map,2026-08-25,Official state-funded provider record. Funded-space counts are not the same as current openings.
Cheyenne's Early Learning Center II,Provider,Early Start CT funded child care,Child Care Center,Bridgeport,06606,"3787 Main St, Bridgeport, CT, 06606",Infant/Toddler; Preschool,Pamela Hinton,(203) 521-6408,,DCCC.70485; Registry 8627,24,15,0,39,Bridgeport LGP,Camille Harris | charris@bridgeportedu.net | 203-275-1082,"Contact the program directly for current openings, schedule, eligibility, and family cost.",Connecticut Office of Early Childhood Early Start CT FY26 map,2026-08-25,Official state-funded provider record. Funded-space counts are not the same as current openings.
Child's World,Provider,Early Start CT funded child care,Child Care Center,Bridgeport,06605,"1245 Fairfield Ave, Bridgeport, CT, 06605",Preschool,Debra Buster,(203) 520-6442,,DCCC.14307; Registry 194,0,103,0,103,Bridgeport LGP,Camille Harris | charris@bridgeportedu.net | 203-275-1082,"Contact the program directly for current openings, schedule, eligibility, and family cost.",Connecticut Office of Early Childhood Early Start CT FY26 map,2026-08-25,Official state-funded provider record. Funded-space counts are not the same as current openings.
Cora Wright Early Learning Center,Provider,Early Start CT funded child care,Child Care Center,Bridgeport,06605,"233 Bennett St, Bridgeport, CT, 06605",Infant/Toddler,Monette Ferguson,(203) 366-8241,,DCCC.16496; Registry 1548,39,0,0,39,Bridgeport LGP,Camille Harris | charris@bridgeportedu.net | 203-275-1082,"Contact the program directly for current openings, schedule, eligibility, and family cost.",Connecticut Office of Early Childhood Early Start CT FY26 map,2026-08-25,Official state-funded provider record. Funded-space counts are not the same as current openings.
Early Childhood Laboratory School (HCC),Provider,Early Start CT funded child care,Child Care Center,Bridgeport,06604,"900 Lafayette Blvd, Bridgeport, CT, 06604",Infant/Toddler; Preschool,Kristin Lund,(203) 332-5030,,DCCC.14510; Registry 23,16,25,0,41,Bridgeport LGP,Camille Harris | charris@bridgeportedu.net | 203-275-1082,"Contact the program directly for current openings, schedule, eligibility, and family cost.",Connecticut Office of Early Childhood Early Start CT FY26 map,2026-08-25,Official state-funded provider record. Funded-space counts are not the same as current openings.
Evelyn Majano-Montiel Family Child Care Home,Provider,Early Start CT funded child care,Family Home,Bridgeport,06605,"24 BUTLER AVE, Bridgeport, CT, 06605",Infant/Toddler; Preschool,Evelyn L Majano-Montiel,(475) 312-8688,,DCFH.56725; Registry 7591,6,3,0,9,Bridgeport LGP,Camille Harris | charris@bridgeportedu.net | 203-275-1082,"Contact the program directly for current openings, schedule, eligibility, and family cost.",Connecticut Office of Early Childhood Early Start CT FY26 map,2026-08-25,Official state-funded provider record. Funded-space counts are not the same as current openings.
Hall Neighborhood House,Provider,Early Start CT funded child care,Child Care Center,Bridgeport,06608,"52 George E Pipkin Way, Bridgeport, CT, 06608",Infant/Toddler; Preschool,Hector R. Burgos,(203) 345-2052,,DCCC.70386; Registry 162,116,170,0,286,Bridgeport LGP,Camille Harris | charris@bridgeportedu.net | 203-275-1082,"Contact the program directly for current openings, schedule, eligibility, and family cost.",Connecticut Office of Early Childhood Early Start CT FY26 map,2026-08-25,Official state-funded provider record. Funded-space counts are not the same as current openings.
Jaime A. Hulley Child Care Center,Provider,Early Start CT funded child care,Child Care Center,Bridgeport,06604,"460 Lafayette St, Bridgeport, CT, 06604",Infant/Toddler; Preschool,Bonita Perry,(203) 366-8241,,DCCC.12832; Registry 1422,36,47,0,83,Bridgeport LGP,Camille Harris | charris@bridgeportedu.net | 203-275-1082,"Contact the program directly for current openings, schedule, eligibility, and family cost.",Connecticut Office of Early Childhood Early Start CT FY26 map,2026-08-25,Official state-funded provider record. Funded-space counts are not the same as current openings.
Kamara Moodie Family Child Care Home (Lil Sunshine Home Daycare LLC) (FCCH),Provider,Early Start CT funded child care,Family Home,Bridgeport,06605,"45 Butler Avenue, Fl 2, Bridgeport, CT, 06605",Infant/Toddler; Preschool; School age,Georgia Goldburn,(860) 913-4906,,DCFH.54248; Registry 5381,4,3,1,8,Bridgeport LGP,Camille Harris | charris@bridgeportedu.net | 203-275-1082,"Contact the program directly for current openings, schedule, eligibility, and family cost.",Connecticut Office of Early Childhood Early Start CT FY26 map,2026-08-25,Official state-funded provider record. Funded-space counts are not the same as current openings.
Loveable Angels Childcare Learning Center,Provider,Early Start CT funded child care,Child Care Center,Bridgeport,06610,"1825 E Main St, Bridgeport, CT, 06610",Preschool,Sonia Spencer,(203) 337-6614,,DCCC.16843; Registry 6324,0,44,0,44,Bridgeport LGP,Camille Harris | charris@bridgeportedu.net | 203-275-1082,"Contact the program directly for current openings, schedule, eligibility, and family cost.",Connecticut Office of Early Childhood Early Start CT FY26 map,2026-08-25,Official state-funded provider record. Funded-space counts are not the same as current openings.
Lucille Johnson Child Care Center,Provider,Early Start CT funded child care,Child Care Center,Bridgeport,06604,"816 Fairfield Ave, Bridgeport, CT, 06604",Infant/Toddler,Dr. Monette Ferguson,(203) 366-8241,,DCCC.15175; Registry 289,16,0,0,16,Bridgeport LGP,Camille Harris | charris@bridgeportedu.net | 203-275-1082,"Contact the program directly for current openings, schedule, eligibility, and family cost.",Connecticut Office of Early Childhood Early Start CT FY26 map,2026-08-25,Official state-funded provider record. Funded-space counts are not the same as current openings.
Norma Stennett Family Child Care Home (Scholastics Renaissance LLC) (FCCH),Provider,Early Start CT funded child care,Family Home,Bridgeport,06605,"102 Cottage Street, Bridgeport, CT, 06605",Infant/Toddler; Preschool; School age,Georgia Goldburn,(860) 913-4906,,DCFH.56660; Registry 7658,5,2,1,8,Bridgeport LGP,Camille Harris | charris@bridgeportedu.net | 203-275-1082,"Contact the program directly for current openings, schedule, eligibility, and family cost.",Connecticut Office of Early Childhood Early Start CT FY26 map,2026-08-25,Official state-funded provider record. Funded-space counts are not the same as current openings.
Precious Memories Early Childhood Learning Center,Provider,Early Start CT funded child care,Child Care Center,Bridgeport,06606,"3600 Main St, Bridgeport, CT, 06606",Preschool,Sheree Higgins,(203) 650-8008,,DCCC.15520; Registry 315,0,44,0,44,Bridgeport LGP,Camille Harris | charris@bridgeportedu.net | 203-275-1082,"Contact the program directly for current openings, schedule, eligibility, and family cost.",Connecticut Office of Early Childhood Early Start CT FY26 map,2026-08-25,Official state-funded provider record. Funded-space counts are not the same as current openings.
Precious Memories Early Childhood Learning Center Iii,Provider,Early Start CT funded child care,Child Care Center,Bridgeport,06604,"1332 North Ave, Bridgeport, CT, 06604",Infant/Toddler; Preschool,Sheree Higgins,(203) 650-8008,,DCCC.70050; Registry 6275,28,27,0,55,Bridgeport LGP,Camille Harris | charris@bridgeportedu.net | 203-275-1082,"Contact the program directly for current openings, schedule, eligibility, and family cost.",Connecticut Office of Early Childhood Early Start CT FY26 map,2026-08-25,Official state-funded provider record. Funded-space counts are not the same as current openings.
Precious Memories Early Childhood Learning Center Iv,Provider,Early Start CT funded child care,Child Care Center,Bridgeport,06606,"2181 Main St, Bridgeport, CT, 06606",Preschool,Sheree Higgins,(203) 650-8008,,DCCC.70275; Registry 7506,0,65,0,65,Bridgeport LGP,Camille Harris | charris@bridgeportedu.net | 203-275-1082,"Contact the program directly for current openings, schedule, eligibility, and family cost.",Connecticut Office of Early Childhood Early Start CT FY26 map,2026-08-25,Official state-funded provider record. Funded-space counts are not the same as current openings.
Precious Memories Early Childhood Lrng Ctr Ii,Provider,Early Start CT funded child care,Child Care Center,Bridgeport,06604,"753 Fairfield Ave, Bridgeport, CT, 06604",Infant/Toddler; Preschool,Sheree Higgins,(203) 650-8008,,DCCC.16577; Registry 1926,18,32,0,50,Bridgeport LGP,Camille Harris | charris@bridgeportedu.net | 203-275-1082,"Contact the program directly for current openings, schedule, eligibility, and family cost.",Connecticut Office of Early Childhood Early Start CT FY26 map,2026-08-25,Official state-funded provider record. Funded-space counts are not the same as current openings.
St. Mark's Day Care Center,Provider,Early Start CT funded child care,Child Care Center,Bridgeport,06610,"368 Newfield Ave #70, Bridgeport, CT, 06610",Infant/Toddler; Preschool; School age,WendyAnn Rodriguez-Adams,(203) 228-1966,,DCCC.14048; Registry 27,35,26,6,67,Bridgeport LGP,Camille Harris | charris@bridgeportedu.net | 203-275-1082,"Contact the program directly for current openings, schedule, eligibility, and family cost.",Connecticut Office of Early Childhood Early Start CT FY26 map,2026-08-25,Official state-funded provider record. Funded-space counts are not the same as current openings.
St. Paul's Child Development Center,Provider,Early Start CT funded child care,Child Care Center,Bridgeport,06610,"1475 Noble Ave, Bridgeport, CT, 06610",Preschool,Karen Williams,(203) 384-6023,,DCCC.16808; Registry 1614,0,52,0,52,Bridgeport LGP,Camille Harris | charris@bridgeportedu.net | 203-275-1082,"Contact the program directly for current openings, schedule, eligibility, and family cost.",Connecticut Office of Early Childhood Early Start CT FY26 map,2026-08-25,Official state-funded provider record. Funded-space counts are not the same as current openings.
Three Little Bears Day Care,Provider,Early Start CT funded child care,Child Care Center,Bridgeport,06610,"2010 E. Main Street, Bridgeport, CT, 06610",Infant/Toddler; Preschool,Alina Gutierrez,(203) 610-2699,,DCCC.70655; Registry 9788,21,17,0,38,Bridgeport LGP,Camille Harris | charris@bridgeportedu.net | 203-275-1082,"Contact the program directly for current openings, schedule, eligibility, and family cost.",Connecticut Office of Early Childhood Early Start CT FY26 map,2026-08-25,Official state-funded provider record. Funded-space counts are not the same as current openings.
YMCA PALS V Day Care,Provider,Early Start CT funded child care,Child Care Center,Bridgeport,06604,"850 Park Ave, Bridgeport, CT, 06604",Preschool; School age,Maria Valentin,(203) 334-5551,,DCCC.15649; Registry 1814,0,56,50,106,Bridgeport LGP,Camille Harris | charris@bridgeportedu.net | 203-275-1082,"Contact the program directly for current openings, schedule, eligibility, and family cost.",Connecticut Office of Early Childhood Early Start CT FY26 map,2026-08-25,Official state-funded provider record. Funded-space counts are not the same as current openings.
Bristol BOE at Edgewood PreK Academy,Provider,Early Start CT funded child care,Public School,Bristol,06010,"345 Mix St, Bristol, CT, 06010",Preschool,Courtney Sugarman,(860) 584-7828,,EXEMPT; Registry 11956,0,168,0,168,Bristol LGP,Donna Osuch | donnaosuch@bristolct.gov | 860-584-6254,"Contact the program directly for current openings, schedule, eligibility, and family cost.",Connecticut Office of Early Childhood Early Start CT FY26 map,2026-08-25,Official state-funded provider record. Funded-space counts are not the same as current openings.
Bristol Child Development Center,Provider,Early Start CT funded child care,Child Care Center,Bristol,06010,"291 Burlington Ave, Bristol, CT, 06010",Infant/Toddler; Preschool,Maegan Adams,(860) 583-0306,,DCCC.13152; Registry 1409,40,61,0,101,Bristol LGP,Donna Osuch | donnaosuch@bristolct.gov | 860-584-6254,"Contact the program directly for current openings, schedule, eligibility, and family cost.",Connecticut Office of Early Childhood Early Start CT FY26 map,2026-08-25,Official state-funded provider record. Funded-space counts are not the same as current openings.
Bristol Child Development Center -West Street,Provider,Early Start CT funded child care,Child Care Center,Bristol,06010,"339 West St, Bristol, CT, 06010",Infant/Toddler; Preschool,Maegan Adams,(860) 583-0306,,DCCC.15397; Registry 1408,16,67,0,83,Bristol LGP,Donna Osuch | donnaosuch@bristolct.gov | 860-584-6254,"Contact the program directly for current openings, schedule, eligibility, and family cost.",Connecticut Office of Early Childhood Early Start CT FY26 map,2026-08-25,Official state-funded provider record. Funded-space counts are not the same as current openings.
HRA South Street Early Learning Center - Bristol,Provider,Early Start CT funded child care,Child Care Center,Bristol,06010,"55 South Street, Bristol, CT, 06010",,Amy Griswold,(860) 348-2205,,DCCC.70586; Registry 9366,0,0,0,0,Bristol LGP,Donna Osuch | donnaosuch@bristolct.gov | 860-584-6254,"Contact the program directly for current openings, schedule, eligibility, and family cost.",Connecticut Office of Early Childhood Early Start CT FY26 map,2026-08-25,Official state-funded provider record. Funded-space counts are not the same as current openings.
Imagine Nation-A Museum Early Learning Center,Provider,Early Start CT funded child care,Child Care Center,Bristol,06010,"1 Pleasant St, Bristol, CT, 06010",Infant/Toddler; Preschool,Jay Maia,(860) 314-1400,,DCCC.16710; Registry 1904,8,119,0,127,Bristol LGP,Donna Osuch | donnaosuch@bristolct.gov | 860-584-6254,"Contact the program directly for current openings, schedule, eligibility, and family cost.",Connecticut Office of Early Childhood Early Start CT FY26 map,2026-08-25,Official state-funded provider record. Funded-space counts are not the same as current openings.
Omayra Ortiz Family Child Care Home (Little Vessels Family Home Daycare),Provider,Early Start CT funded child care,Family Home,Bristol,06010,"66 Benham Street, Bristol, CT, 06010",Infant/Toddler,Arunan Arulampalam,(860) 757-9595,,DCFH.57734; Registry 9891,3,0,0,3,Bristol LGP,Donna Osuch | donnaosuch@bristolct.gov | 860-584-6254,"Contact the program directly for current openings, schedule, eligibility, and family cost.",Connecticut Office of Early Childhood Early Start CT FY26 map,2026-08-25,Official state-funded provider record. Funded-space counts are not the same as current openings.
Brooklyn Boe At Brooklyn Elementary School,Provider,Early Start CT funded child care,Public School,Brooklyn,06234,"119 Gorman Rd, Brooklyn, CT, 06234",Preschool,Melissa Violette,(860) 774-7577,,EXEMPT; Registry 1604,0,54,0,54,Northeast Early Childhood Council (NECC),Kristine Cicchetti | mrscicch95@sbcglobal.net | 860-431-0830,"Contact the program directly for current openings, schedule, eligibility, and family cost.",Connecticut Office of Early Childhood Early Start CT FY26 map,2026-08-25,Official state-funded provider record. Funded-space counts are not the same as current openings.
Carelot Children's Center Brooklyn,Provider,Early Start CT funded child care,Child Care Center,Brooklyn,06234,"86 S Main Street, Brooklyn, CT, 06234",Infant/Toddler; Preschool,Danielle Diraimo,(860) 425-6566,,DCCC.16429; Registry 1524,15,9,0,24,Northeast Early Childhood Council (NECC),Kristine Cicchetti | mrscicch95@sbcglobal.net | 860-431-0830,"Contact the program directly for current openings, schedule, eligibility, and family cost.",Connecticut Office of Early Childhood Early Start CT FY26 map,2026-08-25,Official state-funded provider record. Funded-space counts are not the same as current openings.
Canaan Child Care Center,Provider,Early Start CT funded child care,Child Care Center,Canaan,06018,"90 Pease St, Canaan, CT, 06018",Preschool,Frances  Chapell,(860) 824-0597,,DCCC.12132; Registry 690,0,18,0,18,NA,NA | NA | NA,"Contact the program directly for current openings, schedule, eligibility, and family cost.",Connecticut Office of Early Childhood Early Start CT FY26 map,2026-08-25,Official state-funded provider record. Funded-space counts are not the same as current openings.
Canterbury Boe At Canterbury Elementary School,Provider,Early Start CT funded child care,Public School,Canterbury,06331,"67 Kitt Rd, Canterbury, CT, 06331",Preschool,Courtney Langlois,(860) 546-6744,,EXEMPT; Registry 1722,0,47,0,47,Northeast Early Childhood Council (NECC),Kristine Cicchetti | mrscicch95@sbcglobal.net | 860-431-0830,"Contact the program directly for current openings, schedule, eligibility, and family cost.",Connecticut Office of Early Childhood Early Start CT FY26 map,2026-08-25,Official state-funded provider record. Funded-space counts are not the same as current openings.
Chaplin Boe At Chaplin Elementary School,Provider,Early Start CT funded child care,Public School,Chaplin,06235,"240 Palmer Rd, Chaplin, CT, 06235",Preschool,Kevin Chavez,(860) 455-9593,,DCEX.80505; Registry 1802,0,18,0,18,Eastern CT LGP,Maggie Francis-Gietzen | mfrancisgietzen@ec.eastconn.org | 860-455-1532,"Contact the program directly for current openings, schedule, eligibility, and family cost.",Connecticut Office of Early Childhood Early Start CT FY26 map,2026-08-25,Official state-funded provider record. Funded-space counts are not the same as current openings.
Castle,Provider,Early Start CT funded child care,Child Care Center,Colchester,06415,"396 Halls Hill Rd, Colchester, CT, 06415",Preschool,Nicole Beauchamp,(860) 537-0214,,DCCC.14427; Registry 1210,0,10,0,10,Collaborative for Colchester's Children,Cindy Praisner | cpraisner@colchesterct.org | 860-537-0717,"Contact the program directly for current openings, schedule, eligibility, and family cost.",Connecticut Office of Early Childhood Early Start CT FY26 map,2026-08-25,Official state-funded provider record. Funded-space counts are not the same as current openings.
Colchester Boe At Colchester Early Childhood Program,Provider,Early Start CT funded child care,Public School,Colchester,06415,"315 Halls Hill Rd, Colchester, CT, 06415",Preschool,Judy O'Meara,(860) 918-0212,,EXEMPT; Registry 1712,0,37,0,37,Collaborative for Colchester's Children,Cindy Praisner | cpraisner@colchesterct.org | 860-537-0717,"Contact the program directly for current openings, schedule, eligibility, and family cost.",Connecticut Office of Early Childhood Early Start CT FY26 map,2026-08-25,Official state-funded provider record. Funded-space counts are not the same as current openings.
Hale Early Education Center,Provider,Early Start CT funded child care,Public School,Coventry,06238,"1776 Main St., P.O. Box 251, Coventry, CT, 06238",Preschool,Dr. Lois Hasty,(860) 742-4550,,EXEMPT; Registry 1702,0,31,0,31,Coventry LGP,Mary Sposito | msposito@coventryct.org | 860-742-7317,"Contact the program directly for current openings, schedule, eligibility, and family cost.",Connecticut Office of Early Childhood Early Start CT FY26 map,2026-08-25,Official state-funded provider record. Funded-space counts are not the same as current openings.
Action Early Learning Center,Provider,Early Start CT funded child care,Child Care Center,Danbury,06810,"75 Balmforth Ave, Danbury, CT, 06810",Infant/Toddler; Preschool,Mini Santosh,(203) 743-3785,,DCCC.15756; Registry 1452,16,137,0,153,Greater Danbury LGP,Eileen Costello | costello@edadvance.org | 860-567-0863 ext.1160,"Contact the program directly for current openings, schedule, eligibility, and family cost.",Connecticut Office of Early Childhood Early Start CT FY26 map,2026-08-25,Official state-funded provider record. Funded-space counts are not the same as current openings.
Action Early Learning Center 2,Provider,Early Start CT funded child care,Child Care Center,Danbury,06810,"10 Dr Aaron B Samuels Blvd, Danbury, CT, 06810",Infant/Toddler; Preschool,Mini Santosh,(203) 743-3785,,DCCC.70769; Registry 12193,16,20,0,36,Greater Danbury LGP,Eileen Costello | costello@edadvance.org | 860-567-0863 ext.1160,"Contact the program directly for current openings, schedule, eligibility, and family cost.",Connecticut Office of Early Childhood Early Start CT FY26 map,2026-08-25,Official state-funded provider record. Funded-space counts are not the same as current openings.
CIFC/HSNFC; Head Start of Northern Fairfield County (Danbury),Provider,Early Start CT funded child care,Child Care Center,Danbury,06810,"37 Foster St, Danbury, CT, 06810",,Robin Scott,(203) 942-4256,,DCCC.16641; Registry 1728,0,0,0,0,Greater Danbury LGP,Eileen Costello | costello@edadvance.org | 860-567-0863 ext.1160,"Contact the program directly for current openings, schedule, eligibility, and family cost.",Connecticut Office of Early Childhood Early Start CT FY26 map,2026-08-25,Official state-funded provider record. Funded-space counts are not the same as current openings.
Danbury Public School Readiness Program,Provider,Early Start CT funded child care,Child Care Center,Danbury,06810,"17 Cottage St, Danbury, CT, 06810",Preschool,Ingrid Norfleet,(203) 470-0229,,DCCC.15164; Registry 2826,0,35,0,35,Greater Danbury LGP,Eileen Costello | costello@edadvance.org | 860-567-0863 ext.1160,"Contact the program directly for current openings, schedule, eligibility, and family cost.",Connecticut Office of Early Childhood Early Start CT FY26 map,2026-08-25,Official state-funded provider record. Funded-space counts are not the same as current openings.
Danbury Public School Readiness Program 2,Provider,Early Start CT funded child care,Child Care Center,Danbury,06810,"49 Osborne St, Danbury, CT, 06810",Preschool,Ingrid Norfleet,(203) 470-0229,,DCCC. 70683; Registry 9832,0,60,0,60,Greater Danbury LGP,Eileen Costello | costello@edadvance.org | 860-567-0863 ext.1160,"Contact the program directly for current openings, schedule, eligibility, and family cost.",Connecticut Office of Early Childhood Early Start CT FY26 map,2026-08-25,Official state-funded provider record. Funded-space counts are not the same as current openings.
Hudson Country Montessori School,Provider,Early Start CT funded child care,Child Care Center,Danbury,06810,"44A Shelter Rock Rd, Danbury, CT, 06810",Preschool,Megin Meyer,(203) 744-8088,,DCCC.14318; Registry 1466,0,23,0,23,Greater Danbury LGP,Eileen Costello | costello@edadvance.org | 860-567-0863 ext.1160,"Contact the program directly for current openings, schedule, eligibility, and family cost.",Connecticut Office of Early Childhood Early Start CT FY26 map,2026-08-25,Official state-funded provider record. Funded-space counts are not the same as current openings.
Interfaith Early Learning Center,Provider,Early Start CT funded child care,Child Care Center,Danbury,06810,"119 Osborne St, Danbury, CT, 06810",Preschool,Jill Crimi,(203) 744-6619,,DCCC.15825; Registry 125,0,93,0,93,Greater Danbury LGP,Eileen Costello | costello@edadvance.org | 860-567-0863 ext.1160,"Contact the program directly for current openings, schedule, eligibility, and family cost.",Connecticut Office of Early Childhood Early Start CT FY26 map,2026-08-25,Official state-funded provider record. Funded-space counts are not the same as current openings.
Ivette Izquierdo-Cortez Family Child Care Home,Provider,Early Start CT funded child care,Family Home,Danbury,06810,"81A Wooster heights, Danbury, CT, 06810",Infant/Toddler; Preschool,Ivette Izquierdo Cortez,(914) 319-4648,,DCFH.57711; Registry 9857,7,2,0,9,Greater Danbury LGP,Eileen Costello | costello@edadvance.org | 860-567-0863 ext.1160,"Contact the program directly for current openings, schedule, eligibility, and family cost.",Connecticut Office of Early Childhood Early Start CT FY26 map,2026-08-25,Official state-funded provider record. Funded-space counts are not the same as current openings.
Little People Learning Center,Provider,Early Start CT funded child care,Child Care Center,Danbury,06810,"6 Federal Rd, Danbury, CT, 06810",Infant/Toddler; Preschool; School age,Maria Woodhouse,(203) 685-7974,,DCCC.16132; Registry 1609,10,26,1,37,Greater Danbury LGP,Eileen Costello | costello@edadvance.org | 860-567-0863 ext.1160,"Contact the program directly for current openings, schedule, eligibility, and family cost.",Connecticut Office of Early Childhood Early Start CT FY26 map,2026-08-25,Official state-funded provider record. Funded-space counts are not the same as current openings.
Park Ave Early Childhood Center,Provider,Early Start CT funded child care,Child Care Center,Danbury,06810,"29 Park Ave, Danbury, CT, 06810",Preschool,Robin Scott,(203) 942-4256,,DCCC.70532; Registry 8885,0,44,0,44,Greater Danbury LGP,Eileen Costello | costello@edadvance.org | 860-567-0863 ext.1160,"Contact the program directly for current openings, schedule, eligibility, and family cost.",Connecticut Office of Early Childhood Early Start CT FY26 map,2026-08-25,Official state-funded provider record. Funded-space counts are not the same as current openings.
Right Place,Provider,Early Start CT funded child care,Child Care Center,Danbury,06810,"15 Foster St, Danbury, CT, 06810",Preschool,Suzy Almeida,(845) 620-7200,,DCCC.15173; Registry 336,0,34,0,34,Greater Danbury LGP,Eileen Costello | costello@edadvance.org | 860-567-0863 ext.1160,"Contact the program directly for current openings, schedule, eligibility, and family cost.",Connecticut Office of Early Childhood Early Start CT FY26 map,2026-08-25,Official state-funded provider record. Funded-space counts are not the same as current openings.
The Learning Studio,Provider,Early Start CT funded child care,Child Care Center,Derby,06418,"1 Thompson Place, Derby, CT, 06418",Infant/Toddler; Preschool,Amanda White,(203) 735-6605,,DCCC.13937; Registry 2583,9,10,0,19,Valley Early Childhood Regional Council,Alyson Stanici | astanisci@ansonia.org | 203-736-5080 ext. 5143,"Contact the program directly for current openings, schedule, eligibility, and family cost.",Connecticut Office of Early Childhood Early Start CT FY26 map,2026-08-25,Official state-funded provider record. Funded-space counts are not the same as current openings.
East Hartford Boe At the Early Learning Center at Hockanum School,Provider,Early Start CT funded child care,Public School,East Hartford,06118,"191 Main St, East Hartford, CT, 06118",Preschool,Renee Byers,(860) 622-5442,,EXEMPT; Registry 1659,0,94,0,94,East Hartford LGP,Thomas Anderson | anderson.t@easthartford.org | 860-622-5107,"Contact the program directly for current openings, schedule, eligibility, and family cost.",Connecticut Office of Early Childhood Early Start CT FY26 map,2026-08-25,Official state-funded provider record. Funded-space counts are not the same as current openings.
Janess Collado Family Child Care Home,Provider,Early Start CT funded child care,Family Home,East Hartford,06118,"128 Cipolla Street, East Hartford, CT, 06118",Infant/Toddler,Arunan Arulampalam,(860) 757-9595,,DCFH.53811; Registry 6723,6,0,0,6,East Hartford LGP,Thomas Anderson | anderson.t@easthartford.org | 860-622-5107,"Contact the program directly for current openings, schedule, eligibility, and family cost.",Connecticut Office of Early Childhood Early Start CT FY26 map,2026-08-25,Official state-funded provider record. Funded-space counts are not the same as current openings.
Lilliam Echevarria Family Child Care Home (Guardian Angel’s Day Care LLC ),Provider,Early Start CT funded child care,Family Home,East Hartford,06118,"1437 Silver Lane, East Hartford, CT, 06118",Infant/Toddler,Arunan Arulampalam,(860) 757-9595,,DCFH.56789; Registry 7860,5,0,0,5,East Hartford LGP,Thomas Anderson | anderson.t@easthartford.org | 860-622-5107,"Contact the program directly for current openings, schedule, eligibility, and family cost.",Connecticut Office of Early Childhood Early Start CT FY26 map,2026-08-25,Official state-funded provider record. Funded-space counts are not the same as current openings.
Maria Martinez Family Child Care Home,Provider,Early Start CT funded child care,Family Home,East Hartford,06108,"18 Orchard Terrace, East Hartford, CT, 06108",Infant/Toddler,Arunan Arulampalam,(860) 757-9595,,DCFH.56590; Registry 7269,2,0,0,2,East Hartford LGP,Thomas Anderson | anderson.t@easthartford.org | 860-622-5107,"Contact the program directly for current openings, schedule, eligibility, and family cost.",Connecticut Office of Early Childhood Early Start CT FY26 map,2026-08-25,Official state-funded provider record. Funded-space counts are not the same as current openings.
Maria Mirabal Family Child Care Home (Ana’s Family Child Care),Provider,Early Start CT funded child care,Family Home,East Hartford,06118,"45 Monroe Street, East Hartford, CT, 06118",Infant/Toddler,Arunan Arulampalam,(860) 757-9595,,DCFH.55326; Registry 6090,4,0,0,4,East Hartford LGP,Thomas Anderson | anderson.t@easthartford.org | 860-622-5107,"Contact the program directly for current openings, schedule, eligibility, and family cost.",Connecticut Office of Early Childhood Early Start CT FY26 map,2026-08-25,Official state-funded provider record. Funded-space counts are not the same as current openings.
Silva's Youth of Today Learning Center,Provider,Early Start CT funded child care,Child Care Center,East Hartford,06118,"656 Silver Lane, East Hartford, CT, 06118",Infant/Toddler; Preschool,Manuel Silva,(860) 508-0483,,DCCC.15952; Registry 1801,13,85,0,98,East Hartford LGP,Thomas Anderson | anderson.t@easthartford.org | 860-622-5107,"Contact the program directly for current openings, schedule, eligibility, and family cost.",Connecticut Office of Early Childhood Early Start CT FY26 map,2026-08-25,Official state-funded provider record. Funded-space counts are not the same as current openings.
Sonia Robles Family Child Care Home (Superheroes in Training),Provider,Early Start CT funded child care,Family Home,East Hartford,06108,"596 Burnside Avenue, East Hartford, CT, 06108",Infant/Toddler,Arunan Arulampalam,(860) 757-9595,,DCFH.56092; Registry 9799,6,0,0,6,East Hartford LGP,Thomas Anderson | anderson.t@easthartford.org | 860-622-5107,"Contact the program directly for current openings, schedule, eligibility, and family cost.",Connecticut Office of Early Childhood Early Start CT FY26 map,2026-08-25,Official state-funded provider record. Funded-space counts are not the same as current openings.
Swaddlejoy Night and Day Care,Provider,Early Start CT funded child care,Child Care Center,East Hartford,06108,"1184 Burnside Ave, East Hartford, CT, 06108",Infant/Toddler; Preschool,Fauy Ellis Gordon,(860) 938-8526,,DCCC.70330; Registry 7782,2,16,0,18,East Hartford LGP,Thomas Anderson | anderson.t@easthartford.org | 860-622-5107,"Contact the program directly for current openings, schedule, eligibility, and family cost.",Connecticut Office of Early Childhood Early Start CT FY26 map,2026-08-25,Official state-funded provider record. Funded-space counts are not the same as current openings.
YMCA Child Care Center,Provider,Early Start CT funded child care,Child Care Center,East Hartford,06118,"770 Main St, East Hartford, CT, 06118",Infant/Toddler; Preschool,Brianna Johnson,(860) 595-3040,,DCCC.15820; Registry 1688,8,16,0,24,East Hartford LGP,Thomas Anderson | anderson.t@easthartford.org | 860-622-5107,"Contact the program directly for current openings, schedule, eligibility, and family cost.",Connecticut Office of Early Childhood Early Start CT FY26 map,2026-08-25,Official state-funded provider record. Funded-space counts are not the same as current openings.
YMCA Larson Center,Provider,Early Start CT funded child care,Child Care Center,East Hartford,06108,"81 Woodlawn Circle, East Hartford, CT, 06108",Infant/Toddler; Preschool,Brianna Johnson,(860) 595-3040,,DCCC.15440; Registry 1597,15,16,0,31,East Hartford LGP,Thomas Anderson | anderson.t@easthartford.org | 860-622-5107,"Contact the program directly for current openings, schedule, eligibility, and family cost.",Connecticut Office of Early Childhood Early Start CT FY26 map,2026-08-25,Official state-funded provider record. Funded-space counts are not the same as current openings.
YWCA East Hartford Early Learning Center,Provider,Early Start CT funded child care,Child Care Center,East Hartford,06108,"9 Signor St, East Hartford, CT, 06108",Infant/Toddler; Preschool,Ann Horton,(860) 291-2700,,DCCC.15917; Registry 1507,4,32,0,36,East Hartford LGP,Thomas Anderson | anderson.t@easthartford.org | 860-622-5107,"Contact the program directly for current openings, schedule, eligibility, and family cost.",Connecticut Office of Early Childhood Early Start CT FY26 map,2026-08-25,Official state-funded provider record. Funded-space counts are not the same as current openings.
East Haven Boe At Overbrook Early Learning Center,Provider,Early Start CT funded child care,Public School,East Haven,06512,"54 Gerrish Ave, East Haven, CT, 06512",Preschool,Marissa Velazquez,(203) 468-3305,,DCEX.80747; Registry 7715,0,150,0,150,East Haven LGP,Marissa Velazquez | mvelazquez@east-haven.k12.ct.us | 203-468-3261,"Contact the program directly for current openings, schedule, eligibility, and family cost.",Connecticut Office of Early Childhood Early Start CT FY26 map,2026-08-25,Official state-funded provider record. Funded-space counts are not the same as current openings.
Carelot Children's Center East Lyme,Provider,Early Start CT funded child care,Child Care Center,East Lyme,06333,"315 Flanders Rd, East Lyme, CT, 06333",Infant/Toddler; Preschool; School age,Susan Purcell,(860) 425-6566,,DCCC.15426; Registry 1547,16,10,20,46,New London LGP,Kelly Davis | kdavis@learn.k12.ct.us | 860-434-4800 ext. 1128,"Contact the program directly for current openings, schedule, eligibility, and family cost.",Connecticut Office of Early Childhood Early Start CT FY26 map,2026-08-25,Official state-funded provider record. Funded-space counts are not the same as current openings.
Deviji Wilkins Family Child Care Home (Auntie Debbie’s Day Care),Provider,Early Start CT funded child care,Family Home,East Windsor,06088,"74 Stoughton Road, East Windsor, CT, 06088",Infant/Toddler,Arunan Arulampalam,(860) 757-9595,,DCFH.54902; Registry 5774,3,0,0,3,NA,NA | NA | NA,"Contact the program directly for current openings, schedule, eligibility, and family cost.",Connecticut Office of Early Childhood Early Start CT FY26 map,2026-08-25,Official state-funded provider record. Funded-space counts are not the same as current openings.
Eastford Boe At Eastford Elementary School,Provider,Early Start CT funded child care,Public School,Eastford,06242,"12 Westford Rd, Eastford, CT, 06242",Preschool,Carole McCombe,(860) 974-1130,,EXEMPT; Registry 1761,0,16,0,16,Eastern CT LGP,Maggie Francis-Gietzen | mfrancisgietzen@ec.eastconn.org | 860-455-1532,"Contact the program directly for current openings, schedule, eligibility, and family cost.",Connecticut Office of Early Childhood Early Start CT FY26 map,2026-08-25,Official state-funded provider record. Funded-space counts are not the same as current openings.
Ellington Boe At Crystal Lake Elementary School,Provider,Early Start CT funded child care,Public School,Ellington,06029,"59 South Rd, Ellington, CT, 06029",Preschool,Sara Spak,(860) 896-2300,,EXEMPT; Registry 8684,0,5,0,5,Windsor Locks LGP,Linda Zamal | lzamal@wlps.org | 860-907-8154,"Contact the program directly for current openings, schedule, eligibility, and family cost.",Connecticut Office of Early Childhood Early Start CT FY26 map,2026-08-25,Official state-funded provider record. Funded-space counts are not the same as current openings.
Ellington Boe At Windermere Elementary School,Provider,Early Start CT funded child care,Public School,Ellington,06029,"2 Abbot Rd, Ellington, CT, 06029",Preschool,Sara Spak,(860) 896-2300,,EXEMPT; Registry 8683,0,21,0,21,Windsor Locks LGP,Linda Zamal | lzamal@wlps.org | 860-907-8154,"Contact the program directly for current openings, schedule, eligibility, and family cost.",Connecticut Office of Early Childhood Early Start CT FY26 map,2026-08-25,Official state-funded provider record. Funded-space counts are not the same as current openings.
Enfield Boe At Stowe Early Learning Center,Provider,Early Start CT funded child care,Public School,Enfield,06082,"117 Post Office Rd, Enfield, CT, 06082",,Jaclyn Valley,(860) 253-5320,,Exempt; Registry 7467,0,0,0,0,Enfield KITE (Key Initiatives to Early Education),Hannah Song | hsong@enfield.org | 860-253-6502,"Contact the program directly for current openings, schedule, eligibility, and family cost.",Connecticut Office of Early Childhood Early Start CT FY26 map,2026-08-25,Official state-funded provider record. Funded-space counts are not the same as current openings.
Town of Enfield Child Development Center,Provider,Early Start CT funded child care,Child Care Center,Enfield,06082,"117 Post Office Rd, Enfield, CT, 06082",Infant/Toddler; Preschool; School age,Karen Edelson,(860) 763-7043,,DCCC.16068; Registry 7496,27,56,71,154,Enfield KITE (Key Initiatives to Early Education),Hannah Song | hsong@enfield.org | 860-253-6502,"Contact the program directly for current openings, schedule, eligibility, and family cost.",Connecticut Office of Early Childhood Early Start CT FY26 map,2026-08-25,Official state-funded provider record. Funded-space counts are not the same as current openings.
Family Centers First Steps Center,Provider,Early Start CT funded child care,Child Care Center,Greenwich,06830,"8 Armstrong CT, Greenwich, CT, 06830",Preschool,Yenny Toone,(203) 869-4848,,DCCC.16000; Registry 1627,0,43,0,43,Early Start Network: Greenwich and New Canaan,David Cohen | davidcohentrumbull@gmail.com | 203-258-0383,"Contact the program directly for current openings, schedule, eligibility, and family cost.",Connecticut Office of Early Childhood Early Start CT FY26 map,2026-08-25,Official state-funded provider record. Funded-space counts are not the same as current openings.
Gateway Preschool,Provider,Early Start CT funded child care,Child Care Center,Greenwich,06831,"2 Chapel St, Greenwich, CT, 06831",Infant/Toddler; Preschool,Yenny Toone,(203) 869-4848,,DCCC.15168; Registry 47,16,22,0,38,Early Start Network: Greenwich and New Canaan,David Cohen | davidcohentrumbull@gmail.com | 203-258-0383,"Contact the program directly for current openings, schedule, eligibility, and family cost.",Connecticut Office of Early Childhood Early Start CT FY26 map,2026-08-25,Official state-funded provider record. Funded-space counts are not the same as current openings.
The Grauer Preschool,Provider,Early Start CT funded child care,Child Care Center,Greenwich,06830,"40 Arch St, Greenwich, CT, 06830",Preschool,Yenny Toone,(203) 869-4848,,DCCC.12299; Registry 1456,0,55,0,55,Early Start Network: Greenwich and New Canaan,David Cohen | davidcohentrumbull@gmail.com | 203-258-0383,"Contact the program directly for current openings, schedule, eligibility, and family cost.",Connecticut Office of Early Childhood Early Start CT FY26 map,2026-08-25,Official state-funded provider record. Funded-space counts are not the same as current openings.
Griswold Boe At Griswold Early Education Program,Provider,Early Start CT funded child care,Public School,Griswold,06351,"303 Slater Ave, Griswold, CT, 06351",Preschool,Joseph Bordeau,(860) 376-7610,,EXEMPT; Registry 1741,0,45,0,45,Southeast CT LGP,Linda Allen | lallen@learn.k12.ct.us | 860-434-4800,"Contact the program directly for current openings, schedule, eligibility, and family cost.",Connecticut Office of Early Childhood Early Start CT FY26 map,2026-08-25,Official state-funded provider record. Funded-space counts are not the same as current openings.
The Little Log School House,Provider,Early Start CT funded child care,Child Care Center,Griswold,06351,"242 Bitgood rd, Griswold, CT, 06351",Infant/Toddler; Preschool,Terry Wydra,(860) 376-4975,,DCCC.70619; Registry 9583,2,12,0,14,Southeast CT LGP,Linda Allen | lallen@learn.k12.ct.us | 860-434-4800,"Contact the program directly for current openings, schedule, eligibility, and family cost.",Connecticut Office of Early Childhood Early Start CT FY26 map,2026-08-25,Official state-funded provider record. Funded-space counts are not the same as current openings.
Tvcca Little Learners Griswold,Provider,Early Start CT funded child care,Child Care Center,Griswold,06351,"303 Slater Ave, Griswold, CT, 06351",Infant/Toddler; Preschool,Debbi Poirier,(860) 425-6566,,DCCC.12498; Registry 1179,8,20,0,28,Southeast CT LGP,Linda Allen | lallen@learn.k12.ct.us | 860-434-4800,"Contact the program directly for current openings, schedule, eligibility, and family cost.",Connecticut Office of Early Childhood Early Start CT FY26 map,2026-08-25,Official state-funded provider record. Funded-space counts are not the same as current openings.
Early Childhood Development Center Groton,Provider,Early Start CT funded child care,Child Care Center,Groton,06340,"591 Poquonnock Rd, Groton, CT, 06340",Infant/Toddler; Preschool,Lynn Reichart,(860) 543-3101,,DCCC.15462; Registry 1601,6,29,0,35,Groton LGP,Linda Allen | lallen@learn.k12.ct.us | 860-434-4800,"Contact the program directly for current openings, schedule, eligibility, and family cost.",Connecticut Office of Early Childhood Early Start CT FY26 map,2026-08-25,Official state-funded provider record. Funded-space counts are not the same as current openings.
The Riverfront Childrens Center,Provider,Early Start CT funded child care,Child Care Center,Groton,06340,"476 Thames St, Groton, CT, 06340",Infant/Toddler; Preschool,Jennifer Zubek,(860) 445-8151,,DCCC.14300; Registry 1546,38,43,0,81,Groton LGP,Linda Allen | lallen@learn.k12.ct.us | 860-434-4800,"Contact the program directly for current openings, schedule, eligibility, and family cost.",Connecticut Office of Early Childhood Early Start CT FY26 map,2026-08-25,Official state-funded provider record. Funded-space counts are not the same as current openings.
TVCCA Little Learners/Head Start Groton,Provider,Early Start CT funded child care,Child Care Center,Groton,06340,"40 1/2 Central Ave, Groton, CT, 06340",Infant/Toddler; Preschool,Debbi Poirier,(860) 425-6566,,DCCC.16705; Registry 1978,16,20,0,36,Groton LGP,Linda Allen | lallen@learn.k12.ct.us | 860-434-4800,"Contact the program directly for current openings, schedule, eligibility, and family cost.",Connecticut Office of Early Childhood Early Start CT FY26 map,2026-08-25,Official state-funded provider record. Funded-space counts are not the same as current openings.
Guilford Center for Children,Provider,Early Start CT funded child care,Child Care Center,Guilford,06437,"47 Stone House Ln, Guilford, CT, 06437",Preschool,Lisa Jones,(203) 453-8050,,DCCC.16778; Registry 6690,0,24,0,24,New London LGP,Kelly Davis | kdavis@learn.k12.ct.us | 860-434-4800 ext. 1128,"Contact the program directly for current openings, schedule, eligibility, and family cost.",Connecticut Office of Early Childhood Early Start CT FY26 map,2026-08-25,Official state-funded provider record. Funded-space counts are not the same as current openings.
Building Blocks Early Learning Center – Hamden,Provider,Early Start CT funded child care,Child Care Center,Hamden,06517,"40 London Dr, Hamden, CT, 06517",Preschool,Shannon Cowles,(203) 281-6602,,DCCC.70601; Registry 9459,0,7,0,7,Hamden's Partnership for Young Children,Kerry Oberg | koberg@uwgnh.org | 203-691-4208,"Contact the program directly for current openings, schedule, eligibility, and family cost.",Connecticut Office of Early Childhood Early Start CT FY26 map,2026-08-25,Official state-funded provider record. Funded-space counts are not the same as current openings.
Hamden BOE @ Ridge Hill School,Provider,Early Start CT funded child care,Public School,Hamden,06517,"120 Carew Rd, Hamden, CT, 06517",Preschool,Jessica Vega,(203) 407-2254,,EXEMPT; Registry 9707,0,12,0,12,Hamden's Partnership for Young Children,Kerry Oberg | koberg@uwgnh.org | 203-691-4208,"Contact the program directly for current openings, schedule, eligibility, and family cost.",Connecticut Office of Early Childhood Early Start CT FY26 map,2026-08-25,Official state-funded provider record. Funded-space counts are not the same as current openings.
Hamden Boe At Alice Peck School,Provider,Early Start CT funded child care,Public School,Hamden,06518,"35 Hillfield Rd, Hamden, CT, 06518",Preschool,Jessica Vega,(203) 407-2254,,DCEX.80513; Registry 1800,0,20,0,20,Hamden's Partnership for Young Children,Kerry Oberg | koberg@uwgnh.org | 203-691-4208,"Contact the program directly for current openings, schedule, eligibility, and family cost.",Connecticut Office of Early Childhood Early Start CT FY26 map,2026-08-25,Official state-funded provider record. Funded-space counts are not the same as current openings.
Hamden Boe At Church Street,Provider,Early Start CT funded child care,Public School,Hamden,06514,"95 Church St, Hamden, CT, 06514",Preschool,Jessica Vega,(203) 407-2254,,DCEX.80514; Registry 1667,0,34,0,34,Hamden's Partnership for Young Children,Kerry Oberg | koberg@uwgnh.org | 203-691-4208,"Contact the program directly for current openings, schedule, eligibility, and family cost.",Connecticut Office of Early Childhood Early Start CT FY26 map,2026-08-25,Official state-funded provider record. Funded-space counts are not the same as current openings.
Hamden Boe At Dunbar Hill School,Provider,Early Start CT funded child care,Public School,Hamden,06514,"315 Lane St, Hamden, CT, 06514",Preschool,Jessica Vega,(203) 407-2254,,DCEX.80512; Registry 8113,0,12,0,12,Hamden's Partnership for Young Children,Kerry Oberg | koberg@uwgnh.org | 203-691-4208,"Contact the program directly for current openings, schedule, eligibility, and family cost.",Connecticut Office of Early Childhood Early Start CT FY26 map,2026-08-25,Official state-funded provider record. Funded-space counts are not the same as current openings.
Hamden Boe At Helen Street School,Provider,Early Start CT funded child care,Public School,Hamden,06514,"285 Helen St, Hamden, CT, 06514",Preschool,Jessica Vega,(203) 407-2254,,DCEX.80515; Registry 1954,0,20,0,20,Hamden's Partnership for Young Children,Kerry Oberg | koberg@uwgnh.org | 203-691-4208,"Contact the program directly for current openings, schedule, eligibility, and family cost.",Connecticut Office of Early Childhood Early Start CT FY26 map,2026-08-25,Official state-funded provider record. Funded-space counts are not the same as current openings.
Hamden BOE at West Woods School,Provider,Early Start CT funded child care,Public School,Hamden,06518,"350 West Todd Street, Hamden, CT, 06518",Preschool,Jessica Vega,(203) 407-2254,,EXEMPT; Registry 12190,0,8,0,8,Hamden's Partnership for Young Children,Kerry Oberg | koberg@uwgnh.org | 203-691-4208,"Contact the program directly for current openings, schedule, eligibility, and family cost.",Connecticut Office of Early Childhood Early Start CT FY26 map,2026-08-25,Official state-funded provider record. Funded-space counts are not the same as current openings.
Harris And Tucker School - Center,Provider,Early Start CT funded child care,Child Care Center,Hamden,06511,"412 NEWHALL ST, Hamden, CT, 06511",Infant/Toddler; Preschool; School age,TBD,N/A,,DCCC.13170; Registry 2425,7,15,20,42,Hamden's Partnership for Young Children,Kerry Oberg | koberg@uwgnh.org | 203-691-4208,"Contact the program directly for current openings, schedule, eligibility, and family cost.",Connecticut Office of Early Childhood Early Start CT FY26 map,2026-08-25,Official state-funded provider record. Funded-space counts are not the same as current openings.
Lushanna Thompson Family Child Care Home (Every Child Ahead LLC) (FCCH),Provider,Early Start CT funded child care,Family Home,Hamden,06514,"142 West Side Drive, Hamden, CT, 06514",Infant/Toddler,Georgia Goldburn,(860) 913-4906,,DCFH.54148; Registry 5328,6,0,0,6,Hamden's Partnership for Young Children,Kerry Oberg | koberg@uwgnh.org | 203-691-4208,"Contact the program directly for current openings, schedule, eligibility, and family cost.",Connecticut Office of Early Childhood Early Start CT FY26 map,2026-08-25,Official state-funded provider record. Funded-space counts are not the same as current openings.
Odessa Snowden Family Child Care Home (Noah’s Ark Daycare) (FCCH),Provider,Early Start CT funded child care,Family Home,Hamden,06514,"206 Lane Street, Hamden, CT, 06514",Infant/Toddler; Preschool,Georgia Goldburn,(860) 913-4906,,DCFH.54714; Registry 5639,2,3,0,5,Hamden's Partnership for Young Children,Kerry Oberg | koberg@uwgnh.org | 203-691-4208,"Contact the program directly for current openings, schedule, eligibility, and family cost.",Connecticut Office of Early Childhood Early Start CT FY26 map,2026-08-25,Official state-funded provider record. Funded-space counts are not the same as current openings.
Sleeping Giant Day Care,Provider,Early Start CT funded child care,Child Care Center,Hamden,06514,"11 Pine St, Hamden, CT, 06514",Preschool,Edie Reichard,(203) 776-5026,,DCCC.13366; Registry 863,0,30,0,30,Hamden's Partnership for Young Children,Kerry Oberg | koberg@uwgnh.org | 203-691-4208,"Contact the program directly for current openings, schedule, eligibility, and family cost.",Connecticut Office of Early Childhood Early Start CT FY26 map,2026-08-25,Official state-funded provider record. Funded-space counts are not the same as current openings.
The Learning Curve Daycare Center,Provider,Early Start CT funded child care,Child Care Center,Hamden,06514,"60 Connolly Pkwy, Building 18, Hamden, CT, 06514",Infant/Toddler; Preschool; School age,Nadiha Lindsay,(203) 296-3440,,DCCC.70477; Registry 8615,24,9,1,34,Hamden's Partnership for Young Children,Kerry Oberg | koberg@uwgnh.org | 203-691-4208,"Contact the program directly for current openings, schedule, eligibility, and family cost.",Connecticut Office of Early Childhood Early Start CT FY26 map,2026-08-25,Official state-funded provider record. Funded-space counts are not the same as current openings.
Hampton Boe At Hampton Elementary School,Provider,Early Start CT funded child care,Public School,Hampton,06247,"380 Main St, Hampton, CT, 06247",Preschool,Victoria Smith,(860) 455-9409,,EXEMPT; Registry 1662,0,13,0,13,Eastern CT LGP,Maggie Francis-Gietzen | mfrancisgietzen@ec.eastconn.org | 860-455-1532,"Contact the program directly for current openings, schedule, eligibility, and family cost.",Connecticut Office of Early Childhood Early Start CT FY26 map,2026-08-25,Official state-funded provider record. Funded-space counts are not the same as current openings.
Affordable Child Care Learning Center,Provider,Early Start CT funded child care,Child Care Center,Hartford,06120,"255 Arbour St, Hartford, CT, 06120",Infant/Toddler; Preschool,Nicole Perry,(860) 967-1802,,DCCC.70419; Registry 8330,37,22,0,59,Hartford LGP,Tamika Thurston | tamika.thurston@hartford.gov | 860-757-9898,"Contact the program directly for current openings, schedule, eligibility, and family cost.",Connecticut Office of Early Childhood Early Start CT FY26 map,2026-08-25,Official state-funded provider record. Funded-space counts are not the same as current openings.
Boys and Girls Club of Hartford Early Learning Center,Provider,Early Start CT funded child care,Child Care Center,Hartford,06105,"170 Sigourney St, Hartford, CT, 06105",Preschool,Candalyn Sanders,(860) 929-7675,,DCCC.70157; Registry 6407,0,50,0,50,Hartford LGP,Tamika Thurston | tamika.thurston@hartford.gov | 860-757-9898,"Contact the program directly for current openings, schedule, eligibility, and family cost.",Connecticut Office of Early Childhood Early Start CT FY26 map,2026-08-25,Official state-funded provider record. Funded-space counts are not the same as current openings.
Brunilda Mora Family Child Care,Provider,Early Start CT funded child care,Family Home,Hartford,06114,"140 Cheshire Street, Hartford, CT, 06114",Infant/Toddler,Arunan Arulampalam,(860) 757-9595,,DCFH.57709; Registry 9869,4,0,0,4,Hartford LGP,Tamika Thurston | tamika.thurston@hartford.gov | 860-757-9898,"Contact the program directly for current openings, schedule, eligibility, and family cost.",Connecticut Office of Early Childhood Early Start CT FY26 map,2026-08-25,Official state-funded provider record. Funded-space counts are not the same as current openings.
"Capitol Child Development Center, Inc.",Provider,Early Start CT funded child care,Child Care Center,Hartford,06106,"450 Broad St, Hartford, CT, 06106",Infant/Toddler; Preschool,Latrice Grumley,(860) 240-0330,,DCCC.13081; Registry 1817,16,10,0,26,Hartford LGP,Tamika Thurston | tamika.thurston@hartford.gov | 860-757-9898,"Contact the program directly for current openings, schedule, eligibility, and family cost.",Connecticut Office of Early Childhood Early Start CT FY26 map,2026-08-25,Official state-funded provider record. Funded-space counts are not the same as current openings.
Carmen Martinez Family Child Care (Nani’s Home Daycare),Provider,Early Start CT funded child care,Family Home,Hartford,06114,"172 George Street, 1st Floor, Hartford, CT, 06114",Infant/Toddler; Preschool,Arunan Arulampalam,(860) 757-9595,,DCFH.56116; Registry 6330,4,2,0,6,Hartford LGP,Tamika Thurston | tamika.thurston@hartford.gov | 860-757-9898,"Contact the program directly for current openings, schedule, eligibility, and family cost.",Connecticut Office of Early Childhood Early Start CT FY26 map,2026-08-25,Official state-funded provider record. Funded-space counts are not the same as current openings.
Catholic Charities Child Development Center,Provider,Early Start CT funded child care,Child Care Center,Hartford,06106,"53 Wadsworth St, Hartford, CT, 06106",Preschool,Olga Toledo,(860) 524-6853,,DCCC.70377; Registry 8168,0,20,0,20,Hartford LGP,Tamika Thurston | tamika.thurston@hartford.gov | 860-757-9898,"Contact the program directly for current openings, schedule, eligibility, and family cost.",Connecticut Office of Early Childhood Early Start CT FY26 map,2026-08-25,Official state-funded provider record. Funded-space counts are not the same as current openings.
CREC South,Provider,Early Start CT funded child care,Child Care Center,Hartford,06114,"261 Locust St, Hartford, CT, 06114",,Jennie Shea,(860) 293-6735,,DCCC.70735; Registry 9371,0,0,0,0,Hartford LGP,Tamika Thurston | tamika.thurston@hartford.gov | 860-757-9898,"Contact the program directly for current openings, schedule, eligibility, and family cost.",Connecticut Office of Early Childhood Early Start CT FY26 map,2026-08-25,Official state-funded provider record. Funded-space counts are not the same as current openings.
CRT - Job Corps Academy Child Development Center,Provider,Early Start CT funded child care,Child Care Center,Hartford,06106,"100 William Shorty Campbell St, Hartford, CT, 06106",Infant/Toddler; Preschool,Claudine Bernard,(860) 462-9482,,DCCC.16185; Registry 1444,32,20,0,52,Hartford LGP,Tamika Thurston | tamika.thurston@hartford.gov | 860-757-9898,"Contact the program directly for current openings, schedule, eligibility, and family cost.",Connecticut Office of Early Childhood Early Start CT FY26 map,2026-08-25,Official state-funded provider record. Funded-space counts are not the same as current openings.
Douglas Street Early Care & Education -Community Renewal Team (CRT),Provider,Early Start CT funded child care,Child Care Center,Hartford,06114,"170 Douglas St, Hartford, CT, 06114",Infant/Toddler; Preschool,Claudine Bernard,(860) 462-9482,,DCCC.15111; Registry 1449,16,43,0,59,Hartford LGP,Tamika Thurston | tamika.thurston@hartford.gov | 860-757-9898,"Contact the program directly for current openings, schedule, eligibility, and family cost.",Connecticut Office of Early Childhood Early Start CT FY26 map,2026-08-25,Official state-funded provider record. Funded-space counts are not the same as current openings.
Esther Vicenty Family Child Care Home,Provider,Early Start CT funded child care,Family Home,Hartford,06112,"240 Granby st, Hartford, CT, 06112",Infant/Toddler; Preschool,Esther Vicenty,(860) 502-2439,,DCFH.57902; Registry 11991,1,1,0,2,Hartford LGP,Tamika Thurston | tamika.thurston@hartford.gov | 860-757-9898,"Contact the program directly for current openings, schedule, eligibility, and family cost.",Connecticut Office of Early Childhood Early Start CT FY26 map,2026-08-25,Official state-funded provider record. Funded-space counts are not the same as current openings.
Fun Place Education LLC,Provider,Early Start CT funded child care,Group Home,Hartford,06114,"154 Standish Street, Hartford, CT, 06114",Infant/Toddler; Preschool,Jacqueline Torres,(860) 995-0553,,DCGH.80027; Registry 9985,8,4,0,12,Hartford LGP,Tamika Thurston | tamika.thurston@hartford.gov | 860-757-9898,"Contact the program directly for current openings, schedule, eligibility, and family cost.",Connecticut Office of Early Childhood Early Start CT FY26 map,2026-08-25,Official state-funded provider record. Funded-space counts are not the same as current openings.
Happy Little Faces,Provider,Early Start CT funded child care,Child Care Center,Hartford,06106,"75 Zion Street, Hartford, CT, 06106",Infant/Toddler,Martha Ramirez,(860) 929-2940,,DCCC.70663; Registry 9859,24,0,0,24,Hartford LGP,Tamika Thurston | tamika.thurston@hartford.gov | 860-757-9898,"Contact the program directly for current openings, schedule, eligibility, and family cost.",Connecticut Office of Early Childhood Early Start CT FY26 map,2026-08-25,Official state-funded provider record. Funded-space counts are not the same as current openings.
Hartford Boe At Kennelly School,Provider,Early Start CT funded child care,Public School,Hartford,06106,"180 White St, Hartford, CT, 06106",Preschool,Stacey Youmatz,(860) 695-8636,,EXEMPT; Registry 1811,0,29,0,29,Hartford LGP,Tamika Thurston | tamika.thurston@hartford.gov | 860-757-9898,"Contact the program directly for current openings, schedule, eligibility, and family cost.",Connecticut Office of Early Childhood Early Start CT FY26 map,2026-08-25,Official state-funded provider record. Funded-space counts are not the same as current openings.
Hartford Boe At Maria C. Sanchez School,Provider,Early Start CT funded child care,Public School,Hartford,06106,"176 Babcock St, Hartford, CT, 06106",Preschool,Stacey Youmatz,(860) 695-8636,,EXEMPT; Registry 1478,0,27,0,27,Hartford LGP,Tamika Thurston | tamika.thurston@hartford.gov | 860-757-9898,"Contact the program directly for current openings, schedule, eligibility, and family cost.",Connecticut Office of Early Childhood Early Start CT FY26 map,2026-08-25,Official state-funded provider record. Funded-space counts are not the same as current openings.
Hartford Boe At Md Fox School,Provider,Early Start CT funded child care,Public School,Hartford,06114,"470 Maple Ave, Hartford, CT, 06114",Preschool,Stacey Youmatz,(860) 695-8636,,EXEMPT; Registry 1389,0,34,0,34,Hartford LGP,Tamika Thurston | tamika.thurston@hartford.gov | 860-757-9898,"Contact the program directly for current openings, schedule, eligibility, and family cost.",Connecticut Office of Early Childhood Early Start CT FY26 map,2026-08-25,Official state-funded provider record. Funded-space counts are not the same as current openings.
Hartford Boe At Moylan School,Provider,Early Start CT funded child care,Public School,Hartford,06106,"101 Catherine St, Hartford, CT, 06106",Preschool,Stacey Youmatz,(860) 695-8636,,EXEMPT; Registry 1858,0,29,0,29,Hartford LGP,Tamika Thurston | tamika.thurston@hartford.gov | 860-757-9898,"Contact the program directly for current openings, schedule, eligibility, and family cost.",Connecticut Office of Early Childhood Early Start CT FY26 map,2026-08-25,Official state-funded provider record. Funded-space counts are not the same as current openings.
Hartford Boe At Naylor School,Provider,Early Start CT funded child care,Public School,Hartford,06114,"639 Franklin Ave, Hartford, CT, 06114",Preschool,Stacey Youmatz,(860) 695-8636,,EXEMPT; Registry 1853,0,37,0,37,Hartford LGP,Tamika Thurston | tamika.thurston@hartford.gov | 860-757-9898,"Contact the program directly for current openings, schedule, eligibility, and family cost.",Connecticut Office of Early Childhood Early Start CT FY26 map,2026-08-25,Official state-funded provider record. Funded-space counts are not the same as current openings.
Hartford Boe At Parkville Community School,Provider,Early Start CT funded child care,Public School,Hartford,06106,"47 New Park Ave, Hartford, CT, 06106",Preschool,Stacey Youmatz,(860) 695-8636,,EXEMPT; Registry 1482,0,27,0,27,Hartford LGP,Tamika Thurston | tamika.thurston@hartford.gov | 860-757-9898,"Contact the program directly for current openings, schedule, eligibility, and family cost.",Connecticut Office of Early Childhood Early Start CT FY26 map,2026-08-25,Official state-funded provider record. Funded-space counts are not the same as current openings.
Hartford Boe At Rawson School,Provider,Early Start CT funded child care,Public School,Hartford,06112,"260 Holcomb St, Hartford, CT, 06112",Preschool,Stacey Youmatz,(860) 695-8636,,EXEMPT; Registry 1439,0,25,0,25,Hartford LGP,Tamika Thurston | tamika.thurston@hartford.gov | 860-757-9898,"Contact the program directly for current openings, schedule, eligibility, and family cost.",Connecticut Office of Early Childhood Early Start CT FY26 map,2026-08-25,Official state-funded provider record. Funded-space counts are not the same as current openings.
Hartford Boe At Sand School,Provider,Early Start CT funded child care,Public School,Hartford,06120,"1750 Main St, Hartford, CT, 06120",Preschool,Stacey Youmatz,(860) 695-8636,,EXEMPT; Registry 8704,0,26,0,26,Hartford LGP,Tamika Thurston | tamika.thurston@hartford.gov | 860-757-9898,"Contact the program directly for current openings, schedule, eligibility, and family cost.",Connecticut Office of Early Childhood Early Start CT FY26 map,2026-08-25,Official state-funded provider record. Funded-space counts are not the same as current openings.
Hartford Boe At West Middle School,Provider,Early Start CT funded child care,Public School,Hartford,06105,"44 Niles St, Hartford, CT, 06105",Preschool,Stacey Youmatz,(860) 695-8636,,EXEMPT; Registry 1856,0,24,0,24,Hartford LGP,Tamika Thurston | tamika.thurston@hartford.gov | 860-757-9898,"Contact the program directly for current openings, schedule, eligibility, and family cost.",Connecticut Office of Early Childhood Early Start CT FY26 map,2026-08-25,Official state-funded provider record. Funded-space counts are not the same as current openings.
Hartford Boe At Wish School,Provider,Early Start CT funded child care,Public School,Hartford,06120,"350 Barbour St, Hartford, CT, 06120",Preschool,Stacey Youmatz,(860) 695-8636,,EXEMPT; Registry 1857,0,22,0,22,Hartford LGP,Tamika Thurston | tamika.thurston@hartford.gov | 860-757-9898,"Contact the program directly for current openings, schedule, eligibility, and family cost.",Connecticut Office of Early Childhood Early Start CT FY26 map,2026-08-25,Official state-funded provider record. Funded-space counts are not the same as current openings.
Hartford Neighborhood Ctrs,Provider,Early Start CT funded child care,Child Care Center,Hartford,06106,"38 Lawrence St, Hartford, CT, 06106",Infant/Toddler; Preschool,Kristin Berry,(860) 251-6517,,DCCC.16820; Registry 403,8,20,0,28,Hartford LGP,Tamika Thurston | tamika.thurston@hartford.gov | 860-757-9898,"Contact the program directly for current openings, schedule, eligibility, and family cost.",Connecticut Office of Early Childhood Early Start CT FY26 map,2026-08-25,Official state-funded provider record. Funded-space counts are not the same as current openings.
Hyland Early Learning Center (DFCYR),Provider,Early Start CT funded child care,Child Care Center,Hartford,06106,"355 New Britain Ave F/1, Hartford, CT, 06106",Infant/Toddler; Preschool,Jennifer Baglin,(860) 214-6277,,DCCC.12138; Registry 541,4,26,0,30,Hartford LGP,Tamika Thurston | tamika.thurston@hartford.gov | 860-757-9898,"Contact the program directly for current openings, schedule, eligibility, and family cost.",Connecticut Office of Early Childhood Early Start CT FY26 map,2026-08-25,Official state-funded provider record. Funded-space counts are not the same as current openings.
Ingmar Riveros Family Child Care Home (Liv Daycare),Provider,Early Start CT funded child care,Family Home,Hartford,06114,"114 Babcock Street, Floor 2, Hartford, CT, 06114",Infant/Toddler,Arunan Arulampalam,(860) 757-9595,,DCFH.57715; Registry 9860,5,0,0,5,Hartford LGP,Tamika Thurston | tamika.thurston@hartford.gov | 860-757-9898,"Contact the program directly for current openings, schedule, eligibility, and family cost.",Connecticut Office of Early Childhood Early Start CT FY26 map,2026-08-25,Official state-funded provider record. Funded-space counts are not the same as current openings.
Irma Santome Family Child Care Home,Provider,Early Start CT funded child care,Family Home,Hartford,06106,"32 Merrill Street, Hartford, CT, 06106",Infant/Toddler; Preschool; School age,Irma Santome,(860) 655-2492,,DCFH.56434; Registry 7479,7,1,1,9,Hartford LGP,Tamika Thurston | tamika.thurston@hartford.gov | 860-757-9898,"Contact the program directly for current openings, schedule, eligibility, and family cost.",Connecticut Office of Early Childhood Early Start CT FY26 map,2026-08-25,Official state-funded provider record. Funded-space counts are not the same as current openings.
Jacqueline Torres Family Child Care Home (Kiddie City LLC),Provider,Early Start CT funded child care,Family Home,Hartford,06114,"156 Standish Street, Hartford, CT, 06114",Infant/Toddler,Arunan Arulampalam,(860) 757-9595,,DCFH.56690; Registry 7624,4,0,0,4,Hartford LGP,Tamika Thurston | tamika.thurston@hartford.gov | 860-757-9898,"Contact the program directly for current openings, schedule, eligibility, and family cost.",Connecticut Office of Early Childhood Early Start CT FY26 map,2026-08-25,Official state-funded provider record. Funded-space counts are not the same as current openings.
Jenny Serrata Family Child Care Home (Querubines Home Daycare),Provider,Early Start CT funded child care,Family Home,Hartford,06114,"160 Hubbard Road, Hartford, CT, 06114",Infant/Toddler,Arunan Arulampalam,(860) 757-9595,,DCFH.53284; Registry 1884,6,0,0,6,Hartford LGP,Tamika Thurston | tamika.thurston@hartford.gov | 860-757-9898,"Contact the program directly for current openings, schedule, eligibility, and family cost.",Connecticut Office of Early Childhood Early Start CT FY26 map,2026-08-25,Official state-funded provider record. Funded-space counts are not the same as current openings.
Kings Chapel Early Care & Education Ctr,Provider,Early Start CT funded child care,Child Care Center,Hartford,06112,"400 Woodland St, Hartford, CT, 06112",Infant/Toddler; Preschool,Terry Graham,(860) 560-0387,,DCCC.70024; Registry 6214,32,20,0,52,Hartford LGP,Tamika Thurston | tamika.thurston@hartford.gov | 860-757-9898,"Contact the program directly for current openings, schedule, eligibility, and family cost.",Connecticut Office of Early Childhood Early Start CT FY26 map,2026-08-25,Official state-funded provider record. Funded-space counts are not the same as current openings.
Little Angels Workshop,Provider,Early Start CT funded child care,Child Care Center,Hartford,06106,"711 New Britain Avenue, Hartford, CT, 06106",Infant/Toddler,Jenessa Blake-Wallace,(860) 436-0486,,DCCC.70609; Registry 9468,15,0,0,15,Hartford LGP,Tamika Thurston | tamika.thurston@hartford.gov | 860-757-9898,"Contact the program directly for current openings, schedule, eligibility, and family cost.",Connecticut Office of Early Childhood Early Start CT FY26 map,2026-08-25,Official state-funded provider record. Funded-space counts are not the same as current openings.
Lucia Silva Family Child Care Home (Lucia Silva Centro Infantil San Jose LLC),Provider,Early Start CT funded child care,Family Home,Hartford,06114,"50 Kenneth Street, Floor 2, Hartford, CT, 06114",Infant/Toddler,Arunan Arulampalam,(860) 757-9595,,DCFH.56164; Registry 6625,5,0,0,5,Hartford LGP,Tamika Thurston | tamika.thurston@hartford.gov | 860-757-9898,"Contact the program directly for current openings, schedule, eligibility, and family cost.",Connecticut Office of Early Childhood Early Start CT FY26 map,2026-08-25,Official state-funded provider record. Funded-space counts are not the same as current openings.
Luz Rivera Family Day Care,Provider,Early Start CT funded child care,Family Home,Hartford,06114,"424 Campfield Avenue, Hartford, CT, 06114",Infant/Toddler,Arunan Arulampalam,(860) 757-9595,,DCFH.50760; Registry 4533,5,0,0,5,Hartford LGP,Tamika Thurston | tamika.thurston@hartford.gov | 860-757-9898,"Contact the program directly for current openings, schedule, eligibility, and family cost.",Connecticut Office of Early Childhood Early Start CT FY26 map,2026-08-25,Official state-funded provider record. Funded-space counts are not the same as current openings.
Maria Amado-Lastra Family Child Care Home (Green World Family Child Care Home),Provider,Early Start CT funded child care,Family Home,Hartford,06114,"110 Grandview Terrace, 1st Floor, Hartford, CT, 06114",Infant/Toddler,Arunan Arulampalam,(860) 757-9595,,DCFH.56808; Registry 7986,6,0,0,6,Hartford LGP,Tamika Thurston | tamika.thurston@hartford.gov | 860-757-9898,"Contact the program directly for current openings, schedule, eligibility, and family cost.",Connecticut Office of Early Childhood Early Start CT FY26 map,2026-08-25,Official state-funded provider record. Funded-space counts are not the same as current openings.
Metzner Early Learning Center (DFCYR),Provider,Early Start CT funded child care,Child Care Center,Hartford,06114,"680 Franklin Ave, Hartford, CT, 06114",Infant/Toddler; Preschool,Jennifer Baglin,(860) 214-6277,,DCCC.16792; Registry 6148,5,25,0,30,Hartford LGP,Tamika Thurston | tamika.thurston@hartford.gov | 860-757-9898,"Contact the program directly for current openings, schedule, eligibility, and family cost.",Connecticut Office of Early Childhood Early Start CT FY26 map,2026-08-25,Official state-funded provider record. Funded-space counts are not the same as current openings.
My First Steps Group Childcare,Provider,Early Start CT funded child care,Group Home,Hartford,06106,"138 Bonner Street, Hartford, CT, 06106",Infant/Toddler; Preschool,Virginia Medina,(959) 221-9401,,DCGH.80014; Registry 8195,8,4,0,12,Hartford LGP,Tamika Thurston | tamika.thurston@hartford.gov | 860-757-9898,"Contact the program directly for current openings, schedule, eligibility, and family cost.",Connecticut Office of Early Childhood Early Start CT FY26 map,2026-08-25,Official state-funded provider record. Funded-space counts are not the same as current openings.
New Beginnings Early Learning Center,Provider,Early Start CT funded child care,Child Care Center,Hartford,06105,"70 Forest St, Hartford, CT, 06105",Infant/Toddler; Preschool,Dorothy Minnifield,(860) 597-1573,,DCCC.70220; Registry 7440,32,27,0,59,Hartford LGP,Tamika Thurston | tamika.thurston@hartford.gov | 860-757-9898,"Contact the program directly for current openings, schedule, eligibility, and family cost.",Connecticut Office of Early Childhood Early Start CT FY26 map,2026-08-25,Official state-funded provider record. Funded-space counts are not the same as current openings.
Our Lady of Fatima Day Care Center,Provider,Early Start CT funded child care,Child Care Center,Hartford,06106,"20 Madison Ave, Hartford, CT, 06106",Infant/Toddler; Preschool,Susan Rosa,(860) 308-3267,,DCCC.16299; Registry 406,8,37,0,45,Hartford LGP,Tamika Thurston | tamika.thurston@hartford.gov | 860-757-9898,"Contact the program directly for current openings, schedule, eligibility, and family cost.",Connecticut Office of Early Childhood Early Start CT FY26 map,2026-08-25,Official state-funded provider record. Funded-space counts are not the same as current openings.
Paraiso Infantil,Provider,Early Start CT funded child care,Child Care Center,Hartford,06106,"45 Wadsworth St, Hartford, CT, 06106",Infant/Toddler; Preschool,Olga Toledo,(860) 524-6853,,DCCC.16531; Registry 646,32,20,0,52,Hartford LGP,Tamika Thurston | tamika.thurston@hartford.gov | 860-757-9898,"Contact the program directly for current openings, schedule, eligibility, and family cost.",Connecticut Office of Early Childhood Early Start CT FY26 map,2026-08-25,Official state-funded provider record. Funded-space counts are not the same as current openings.
Pequenin Children Multicultural Readiness Academy,Provider,Early Start CT funded child care,Child Care Center,Hartford,06106,"37 Grace St, Hartford, CT, 06106",Infant/Toddler; Preschool,Miriam Mercado,(860) 951-0400,,DCCC.16523; Registry 1888,32,112,0,144,Hartford LGP,Tamika Thurston | tamika.thurston@hartford.gov | 860-757-9898,"Contact the program directly for current openings, schedule, eligibility, and family cost.",Connecticut Office of Early Childhood Early Start CT FY26 map,2026-08-25,Official state-funded provider record. Funded-space counts are not the same as current openings.
Raquel Sabogal Family Child Care Home,Provider,Early Start CT funded child care,Family Home,Hartford,06106,"226 Saybrooke Street, Hartford, CT, 06106",Infant/Toddler,Arunan Arulampalam,(860) 757-9595,,DCFH.57438; Registry 9425,4,0,0,4,Hartford LGP,Tamika Thurston | tamika.thurston@hartford.gov | 860-757-9898,"Contact the program directly for current openings, schedule, eligibility, and family cost.",Connecticut Office of Early Childhood Early Start CT FY26 map,2026-08-25,Official state-funded provider record. Funded-space counts are not the same as current openings.
Richard A. Battles Day Care,Provider,Early Start CT funded child care,Child Care Center,Hartford,06120,"30 Battles St, Hartford, CT, 06120",Infant/Toddler; Preschool,Julienne Davis,(860) 549-4380,,DCCC.15664; Registry 1455,32,138,0,170,Hartford LGP,Tamika Thurston | tamika.thurston@hartford.gov | 860-757-9898,"Contact the program directly for current openings, schedule, eligibility, and family cost.",Connecticut Office of Early Childhood Early Start CT FY26 map,2026-08-25,Official state-funded provider record. Funded-space counts are not the same as current openings.
Right Place School Readiness Child & Family Center,Provider,Early Start CT funded child care,Child Care Center,Hartford,06105,"123 Sigourney St, Hartford, CT, 06105",Preschool,Taylor Pratt,(845) 620-7200,,DCCC.15162; Registry 680,0,40,0,40,Hartford LGP,Tamika Thurston | tamika.thurston@hartford.gov | 860-757-9898,"Contact the program directly for current openings, schedule, eligibility, and family cost.",Connecticut Office of Early Childhood Early Start CT FY26 map,2026-08-25,Official state-funded provider record. Funded-space counts are not the same as current openings.
Rise and Shine Nursery & Pre-K Academy,Provider,Early Start CT funded child care,Child Care Center,Hartford,06106,"21 Newfield Street, Hartford, CT, 06106",Infant/Toddler; Preschool,Giovanna Quispe De Ibarra,(860) 357-8740,,DCCC.70644; Registry 9712,21,17,0,38,Hartford LGP,Tamika Thurston | tamika.thurston@hartford.gov | 860-757-9898,"Contact the program directly for current openings, schedule, eligibility, and family cost.",Connecticut Office of Early Childhood Early Start CT FY26 map,2026-08-25,Official state-funded provider record. Funded-space counts are not the same as current openings.
Rosa Bodden Family Child Care Home (Tia Rosa's Child Care LLC),Provider,Early Start CT funded child care,Family Home,Hartford,06114,"316 West Preston Street, Hartford, CT, 06114",Infant/Toddler; Preschool,Arunan Arulampalam,(860) 757-9595,,DCFH.56523; Registry 7312,6,3,0,9,Hartford LGP,Tamika Thurston | tamika.thurston@hartford.gov | 860-757-9898,"Contact the program directly for current openings, schedule, eligibility, and family cost.",Connecticut Office of Early Childhood Early Start CT FY26 map,2026-08-25,Official state-funded provider record. Funded-space counts are not the same as current openings.
SS Cyril & Methodius Child Development Center,Provider,Early Start CT funded child care,Child Care Center,Hartford,06106,"35 Groton St, Hartford, CT, 06106",Preschool,Destiny Ramos,(860) 297-7810,,DCCC.70588; Registry 9368,0,57,0,57,Hartford LGP,Tamika Thurston | tamika.thurston@hartford.gov | 860-757-9898,"Contact the program directly for current openings, schedule, eligibility, and family cost.",Connecticut Office of Early Childhood Early Start CT FY26 map,2026-08-25,Official state-funded provider record. Funded-space counts are not the same as current openings.
Tanisha Stevens Family Child Care Home,Provider,Early Start CT funded child care,Family Home,Hartford,06112,"157 Palm st, Hartford, CT, 06112",Infant/Toddler,Tanisha Stevens,(860) 897-8600,,DCFH.57976; Registry 12098,1,0,0,1,Hartford LGP,Tamika Thurston | tamika.thurston@hartford.gov | 860-757-9898,"Contact the program directly for current openings, schedule, eligibility, and family cost.",Connecticut Office of Early Childhood Early Start CT FY26 map,2026-08-25,Official state-funded provider record. Funded-space counts are not the same as current openings.
Thomas T.D. Ritter Child Development Center,Provider,Early Start CT funded child care,Child Care Center,Hartford,06105,"555 Windsor St, Hartford, CT, 06105",Infant/Toddler; Preschool,Claudine Bernard,(860) 462-9482,,DCCC.14519; Registry 1443,40,44,0,84,Hartford LGP,Tamika Thurston | tamika.thurston@hartford.gov | 860-757-9898,"Contact the program directly for current openings, schedule, eligibility, and family cost.",Connecticut Office of Early Childhood Early Start CT FY26 map,2026-08-25,Official state-funded provider record. Funded-space counts are not the same as current openings.
Tondra Jenkins Family Child Care Home,Provider,Early Start CT funded child care,Family Home,Hartford,06112,"92 Vine Street, Hartford, CT, 06112",Infant/Toddler,Arunan Arulampalam,(860) 757-9595,,DCFH.52032; Registry 4728,2,0,0,2,Hartford LGP,Tamika Thurston | tamika.thurston@hartford.gov | 860-757-9898,"Contact the program directly for current openings, schedule, eligibility, and family cost.",Connecticut Office of Early Childhood Early Start CT FY26 map,2026-08-25,Official state-funded provider record. Funded-space counts are not the same as current openings.
Trinity College Community Child Center - Campus Care,Provider,Early Start CT funded child care,Child Care Center,Hartford,06106,"300 Summit St, Hartford, CT, 06106",Preschool,Kyla Siegmann,(860) 297-5374,,DCCC.14076; Registry 543,0,25,0,25,Hartford LGP,Tamika Thurston | tamika.thurston@hartford.gov | 860-757-9898,"Contact the program directly for current openings, schedule, eligibility, and family cost.",Connecticut Office of Early Childhood Early Start CT FY26 map,2026-08-25,Official state-funded provider record. Funded-space counts are not the same as current openings.
Trinity College Community Child Center - Life Science,Provider,Early Start CT funded child care,Child Care Center,Hartford,06106,"300 Summit St, Hartford, CT, 06106",Infant/Toddler,Kyla Siegmann,(860) 297-5374,,DCCC.13443; Registry 1794,21,0,0,21,Hartford LGP,Tamika Thurston | tamika.thurston@hartford.gov | 860-757-9898,"Contact the program directly for current openings, schedule, eligibility, and family cost.",Connecticut Office of Early Childhood Early Start CT FY26 map,2026-08-25,Official state-funded provider record. Funded-space counts are not the same as current openings.
Village Early Childhood Learning Center,Provider,Early Start CT funded child care,Child Care Center,Hartford,06105,"105 Spring St, Hartford, CT, 06105",Preschool,Chelsea Hare,(860) 833-0225,,DCCC.16592; Registry 1935,0,17,0,17,Hartford LGP,Tamika Thurston | tamika.thurston@hartford.gov | 860-757-9898,"Contact the program directly for current openings, schedule, eligibility, and family cost.",Connecticut Office of Early Childhood Early Start CT FY26 map,2026-08-25,Official state-funded provider record. Funded-space counts are not the same as current openings.
Virginia Medina Family Child Care,Provider,Early Start CT funded child care,Family Home,Hartford,06106,"134 Bonner Street, Hartford, CT, 06106",Infant/Toddler,Arunan Arulampalam,(860) 757-9595,,DCFH.54785; Registry 6180,4,0,0,4,Hartford LGP,Tamika Thurston | tamika.thurston@hartford.gov | 860-757-9898,"Contact the program directly for current openings, schedule, eligibility, and family cost.",Connecticut Office of Early Childhood Early Start CT FY26 map,2026-08-25,Official state-funded provider record. Funded-space counts are not the same as current openings.
Warburton Day Care Center,Provider,Early Start CT funded child care,Child Care Center,Hartford,06105,"420 Brookfield St, Hartford, CT, 06105",Infant/Toddler,Julienene Davis,(860) 549-4380,,DCCC.12610; Registry 648,28,0,0,28,Hartford LGP,Tamika Thurston | tamika.thurston@hartford.gov | 860-757-9898,"Contact the program directly for current openings, schedule, eligibility, and family cost.",Connecticut Office of Early Childhood Early Start CT FY26 map,2026-08-25,Official state-funded provider record. Funded-space counts are not the same as current openings.
Wilson Gray YMCA Youth and Family Center,Provider,Early Start CT funded child care,Child Care Center,Hartford,06120,"444 Albany Ave, Hartford, CT, 06120",Infant/Toddler; Preschool,Valencia Williams,(860) 241-9622,,DCCC 70713; Registry 11921,15,8,0,23,Hartford LGP,Tamika Thurston | tamika.thurston@hartford.gov | 860-757-9898,"Contact the program directly for current openings, schedule, eligibility, and family cost.",Connecticut Office of Early Childhood Early Start CT FY26 map,2026-08-25,Official state-funded provider record. Funded-space counts are not the same as current openings.
Womens League Child Development Center Inc.,Provider,Early Start CT funded child care,Child Care Center,Hartford,06120,"1695 Main St, Hartford, CT, 06120",Infant/Toddler; Preschool,Karen Lott,(860) 524-5969,,DCCC.14248; Registry 1753,88,111,0,199,Hartford LGP,Tamika Thurston | tamika.thurston@hartford.gov | 860-757-9898,"Contact the program directly for current openings, schedule, eligibility, and family cost.",Connecticut Office of Early Childhood Early Start CT FY26 map,2026-08-25,Official state-funded provider record. Funded-space counts are not the same as current openings.
YWCA Growing Tree ELC,Provider,Early Start CT funded child care,Child Care Center,Hartford,06105,"195 Garden St #205, Hartford, CT, 06105",Infant/Toddler; Preschool,Jen Madley,(860) 548-2003,,DCCC.15312; Registry 656,14,23,0,37,Hartford LGP,Tamika Thurston | tamika.thurston@hartford.gov | 860-757-9898,"Contact the program directly for current openings, schedule, eligibility, and family cost.",Connecticut Office of Early Childhood Early Start CT FY26 map,2026-08-25,Official state-funded provider record. Funded-space counts are not the same as current openings.
Hebron Early Childhood Center,Provider,Early Start CT funded child care,Public School,Hebron,06248,"580 Gilead St, Hebron, CT, 06248",Preschool,Katie Uriano,(860) 228-9458,,DCEX.80719; Registry 2039,0,18,0,18,Andover/Hebron/Lebanon LGP,Teresa Surprenant | TSurprenant@eastconn.org,"Contact the program directly for current openings, schedule, eligibility, and family cost.",Connecticut Office of Early Childhood Early Start CT FY26 map,2026-08-25,Official state-funded provider record. Funded-space counts are not the same as current openings.
Carelot Children's Center Killingly,Provider,Early Start CT funded child care,Child Care Center,Killingly,06239,"155 North St, Killingly, CT, 06239",Infant/Toddler; Preschool; School age,Holly Bevilacqua,(860) 425-6566,,DCCC.16485; Registry 1630,8,8,8,24,Northeast Early Childhood Council (NECC),Kristine Cicchetti | mrscicch95@sbcglobal.net | 860-431-0830,"Contact the program directly for current openings, schedule, eligibility, and family cost.",Connecticut Office of Early Childhood Early Start CT FY26 map,2026-08-25,Official state-funded provider record. Funded-space counts are not the same as current openings.
EASTCONN Danielson Head Start,Provider,Early Start CT funded child care,Child Care Center,Killingly,06239,"562 Westcott Rd, Killingly, CT, 06239",Infant/Toddler,Kimberly Mansfield,N/A,,DCCC.16287; Registry 1326,8,0,0,8,Northeast Early Childhood Council (NECC),Kristine Cicchetti | mrscicch95@sbcglobal.net | 860-431-0830,"Contact the program directly for current openings, schedule, eligibility, and family cost.",Connecticut Office of Early Childhood Early Start CT FY26 map,2026-08-25,Official state-funded provider record. Funded-space counts are not the same as current openings.
Killingly Boe At Goodyear Early Childhood Center,Provider,Early Start CT funded child care,Public School,Killingly,06263,"22 Williamsville Rd, PO Box 218, Killingly, CT, 06263",Preschool,Sally Sherman,(860) 779-6770,,EXEMPT; Registry 1752,0,90,0,90,Northeast Early Childhood Council (NECC),Kristine Cicchetti | mrscicch95@sbcglobal.net | 860-431-0830,"Contact the program directly for current openings, schedule, eligibility, and family cost.",Connecticut Office of Early Childhood Early Start CT FY26 map,2026-08-25,Official state-funded provider record. Funded-space counts are not the same as current openings.
Killingly Head Start,Provider,Early Start CT funded child care,Child Care Center,Killingly,06241,"226 Putnam Pike, Killingly, CT, 06241",,Kimberly Mansfield,(860) 449-2187,,DCCC.70021; Registry 6310,0,0,0,0,Northeast Early Childhood Council (NECC),Kristine Cicchetti | mrscicch95@sbcglobal.net | 860-431-0830,"Contact the program directly for current openings, schedule, eligibility, and family cost.",Connecticut Office of Early Childhood Early Start CT FY26 map,2026-08-25,Official state-funded provider record. Funded-space counts are not the same as current openings.
Lebanon BOE At Lebanon Elementary School,Provider,Early Start CT funded child care,Public School,Lebanon,06249,"479 Exeter Rd, Lebanon, CT, 06249",Preschool,Jessica Scorso,(860) 642-5634,,EXEMPT; Registry 1966,0,43,0,43,Andover/Hebron/Lebanon LGP,Teresa Surprenant | TSurprenant@eastconn.org,"Contact the program directly for current openings, schedule, eligibility, and family cost.",Connecticut Office of Early Childhood Early Start CT FY26 map,2026-08-25,Official state-funded provider record. Funded-space counts are not the same as current openings.
Ledyard Boe At STARS,Provider,Early Start CT funded child care,Public School,Ledyard,06339,"169 Gallup Hill Rd, Ledyard, CT, 06339",Preschool,Kolleen Callaghan,(860) 536-9477,,EXEMPT; Registry 1748,0,36,0,36,Southeast CT LGP,Linda Allen | lallen@learn.k12.ct.us | 860-434-4800,"Contact the program directly for current openings, schedule, eligibility, and family cost.",Connecticut Office of Early Childhood Early Start CT FY26 map,2026-08-25,Official state-funded provider record. Funded-space counts are not the same as current openings.
Lisbon School Readiness,Provider,Early Start CT funded child care,Public School,Lisbon,06351,"15 Newent Rd, Lisbon, CT, 06351",Preschool,Janine Sullivan,(860) 376-2403,,EXEMPT; Registry 1643,0,51,0,51,Southeast CT LGP,Linda Allen | lallen@learn.k12.ct.us | 860-434-4800,"Contact the program directly for current openings, schedule, eligibility, and family cost.",Connecticut Office of Early Childhood Early Start CT FY26 map,2026-08-25,Official state-funded provider record. Funded-space counts are not the same as current openings.
Laura Perez Family Child Care Home (Ms. Laura Place LLC),Provider,Early Start CT funded child care,Family Home,Manchester,06040,"132 Oak Street, Manchester, CT, 06040",Infant/Toddler,Arunan Arulampalam,(860) 757-9595,,DCFH.57060; Registry 8338,4,0,0,4,Manchester LGP,Donna Farr | dfarr@manchesterct.gov | 860-965-0445,"Contact the program directly for current openings, schedule, eligibility, and family cost.",Connecticut Office of Early Childhood Early Start CT FY26 map,2026-08-25,Official state-funded provider record. Funded-space counts are not the same as current openings.
Manchester Early Learning Center,Provider,Early Start CT funded child care,Child Care Center,Manchester,06042,"163 Broad St, Manchester, CT, 06042",School age,Jennifer Wagner,(860) 647-9659,,DCCC.16758; Registry 3383,0,0,14,14,Manchester LGP,Donna Farr | dfarr@manchesterct.gov | 860-965-0445,"Contact the program directly for current openings, schedule, eligibility, and family cost.",Connecticut Office of Early Childhood Early Start CT FY26 map,2026-08-25,Official state-funded provider record. Funded-space counts are not the same as current openings.
Manchester Early Learning Center - Odyssey,Provider,Early Start CT funded child care,Child Care Center,Manchester,06040,"579 Middle Tpke, Manchester, CT, 06040",School age,Jennifer Wagner,(860) 647-9659,,DCCC.15977; Registry 6439,0,0,16,16,Manchester LGP,Donna Farr | dfarr@manchesterct.gov | 860-965-0445,"Contact the program directly for current openings, schedule, eligibility, and family cost.",Connecticut Office of Early Childhood Early Start CT FY26 map,2026-08-25,Official state-funded provider record. Funded-space counts are not the same as current openings.
Manchester Early Learning Center @ Highland Park,Provider,Early Start CT funded child care,Child Care Center,Manchester,06040,"397 Porter St, Manchester, CT, 06040",School age,Jennifer Wagner,(860) 647-9659,,DCCC.70004; Registry 6436,0,0,16,16,Manchester LGP,Donna Farr | dfarr@manchesterct.gov | 860-965-0445,"Contact the program directly for current openings, schedule, eligibility, and family cost.",Connecticut Office of Early Childhood Early Start CT FY26 map,2026-08-25,Official state-funded provider record. Funded-space counts are not the same as current openings.
Manchester Early Learning Center @ Preschool Bldg,Provider,Early Start CT funded child care,Child Care Center,Manchester,06040,"80 Waddell St, Manchester, CT, 06040",Preschool,Larisa Albrecht,(860) 647-9659,,DCCC.15714; Registry 414,0,95,0,95,Manchester LGP,Donna Farr | dfarr@manchesterct.gov | 860-965-0445,"Contact the program directly for current openings, schedule, eligibility, and family cost.",Connecticut Office of Early Childhood Early Start CT FY26 map,2026-08-25,Official state-funded provider record. Funded-space counts are not the same as current openings.
Manchester Preschool Center,Provider,Early Start CT funded child care,Public School,Manchester,06042,"60 Washington St, Manchester, CT, 06042",,Ann Fuini,(860) 647-3502,,DCEX.80543; Registry 6291,0,0,0,0,Manchester LGP,Donna Farr | dfarr@manchesterct.gov | 860-965-0445,"Contact the program directly for current openings, schedule, eligibility, and family cost.",Connecticut Office of Early Childhood Early Start CT FY26 map,2026-08-25,Official state-funded provider record. Funded-space counts are not the same as current openings.
Community Childrens Center,Provider,Early Start CT funded child care,Child Care Center,Mansfield,06268,"797 Mansfield City Rd, Mansfield, CT, 06268",Infant/Toddler; Preschool,Lisa Dahn,(860) 456-7171,,DCCC.16060; Registry 1285,2,9,0,11,Mansfield LGP,Jocelyn Santiago | SantiagoJ@mansfieldct.org | 860-429-3338,"Contact the program directly for current openings, schedule, eligibility, and family cost.",Connecticut Office of Early Childhood Early Start CT FY26 map,2026-08-25,Official state-funded provider record. Funded-space counts are not the same as current openings.
Mansfield Discovery Depot,Provider,Early Start CT funded child care,Child Care Center,Mansfield,06268,"50 Depot Rd, Mansfield, CT, 06268",Infant/Toddler; Preschool,Debbie Plourde,(860) 937-4558,,DCCC.13856; Registry 1299,20,30,0,50,Mansfield LGP,Jocelyn Santiago | SantiagoJ@mansfieldct.org | 860-429-3338,"Contact the program directly for current openings, schedule, eligibility, and family cost.",Connecticut Office of Early Childhood Early Start CT FY26 map,2026-08-25,Official state-funded provider record. Funded-space counts are not the same as current openings.
Mount Hope Montessori School,Provider,Early Start CT funded child care,Child Care Center,Mansfield,06250,"48 Bassetts Bridge Rd, Mansfield, CT, 06250",Infant/Toddler; Preschool,Erin Clark,(860) 423-1070,,DCCC.12892; Registry 2345,3,4,0,7,Mansfield LGP,Jocelyn Santiago | SantiagoJ@mansfieldct.org | 860-429-3338,"Contact the program directly for current openings, schedule, eligibility, and family cost.",Connecticut Office of Early Childhood Early Start CT FY26 map,2026-08-25,Official state-funded provider record. Funded-space counts are not the same as current openings.
Uconn Child Development Laboratories,Provider,Early Start CT funded child care,Child Care Center,Mansfield,06269,"843 Bolton Rd, Mansfield, CT, 06269",Preschool,Marianne Legassey,(860) 486-4490,,DCCC.13495; Registry 1639,0,5,0,5,Mansfield LGP,Jocelyn Santiago | SantiagoJ@mansfieldct.org | 860-429-3338,"Contact the program directly for current openings, schedule, eligibility, and family cost.",Connecticut Office of Early Childhood Early Start CT FY26 map,2026-08-25,Official state-funded provider record. Funded-space counts are not the same as current openings.
Easterseals Children's Academy Meriden Campus,Provider,Early Start CT funded child care,Child Care Center,Meriden,06450,"125 Broad St, Meriden, CT, 06450",Preschool,Glenda Duke,(203) 707-4355,,DCCC.16726; Registry 1496,0,65,0,65,Meriden LGP,Rhonda Knight | rknight@meridenct.gov | 203-630-4222,"Contact the program directly for current openings, schedule, eligibility, and family cost.",Connecticut Office of Early Childhood Early Start CT FY26 map,2026-08-25,Official state-funded provider record. Funded-space counts are not the same as current openings.
First Congregational Preschool,Provider,Early Start CT funded child care,Child Care Center,Meriden,06451,"62 Colony St, Meriden, CT, 06451",Preschool,Susan Jenkin,(203) 634-8886,,DCCC.16764; Registry 868,0,56,0,56,Meriden LGP,Rhonda Knight | rknight@meridenct.gov | 203-630-4222,"Contact the program directly for current openings, schedule, eligibility, and family cost.",Connecticut Office of Early Childhood Early Start CT FY26 map,2026-08-25,Official state-funded provider record. Funded-space counts are not the same as current openings.
Little Panthers Preschool,Provider,Early Start CT funded child care,Child Care Center,Meriden,06451,"220 Coe Ave, Meriden, CT, 06451",Preschool,MaryJo DiPasquale,(203) 235-8906,,DCCC.70069; Registry 6353,0,22,0,22,Meriden LGP,Rhonda Knight | rknight@meridenct.gov | 203-630-4222,"Contact the program directly for current openings, schedule, eligibility, and family cost.",Connecticut Office of Early Childhood Early Start CT FY26 map,2026-08-25,Official state-funded provider record. Funded-space counts are not the same as current openings.
Little Spartans Preschool (YMCA),Provider,Early Start CT funded child care,Child Care Center,Meriden,06450,"121 Gravel St, Meriden, CT, 06450",Preschool,Christine Ramezzana,(203) 238-9166,,DCCC.70070; Registry 6352,0,20,0,20,Meriden LGP,Rhonda Knight | rknight@meridenct.gov | 203-630-4222,"Contact the program directly for current openings, schedule, eligibility, and family cost.",Connecticut Office of Early Childhood Early Start CT FY26 map,2026-08-25,Official state-funded provider record. Funded-space counts are not the same as current openings.
Meriden YMCA Head Start,Provider,Early Start CT funded child care,Child Care Center,Meriden,06450,"398 Liberty St, Meriden, CT, 06450",Preschool,Christine Ramezzana,(203) 238-9166,,DCCC.16864; Registry 1694,0,70,0,70,Meriden LGP,Rhonda Knight | rknight@meridenct.gov | 203-630-4222,"Contact the program directly for current openings, schedule, eligibility, and family cost.",Connecticut Office of Early Childhood Early Start CT FY26 map,2026-08-25,Official state-funded provider record. Funded-space counts are not the same as current openings.
Meriden YMCA Infant and Toddler Center,Provider,Early Start CT funded child care,Child Care Center,Meriden,06451,"95 Main St, Meriden, CT, 06451",Infant/Toddler,Tina Valentin,(203) 379-0651,,DCCC.16678; Registry 3336,40,0,0,40,Meriden LGP,Rhonda Knight | rknight@meridenct.gov | 203-630-4222,"Contact the program directly for current openings, schedule, eligibility, and family cost.",Connecticut Office of Early Childhood Early Start CT FY26 map,2026-08-25,Official state-funded provider record. Funded-space counts are not the same as current openings.
Meriden YMCA Little Hounds Preschool at Hanover,Provider,Early Start CT funded child care,Child Care Center,Meriden,06451,"208 Main St, Meriden, CT, 06451",Preschool,Raquel Diaz,(203) 235-6386,,DCCC.70183; Registry 7233,0,22,0,22,Meriden LGP,Rhonda Knight | rknight@meridenct.gov | 203-630-4222,"Contact the program directly for current openings, schedule, eligibility, and family cost.",Connecticut Office of Early Childhood Early Start CT FY26 map,2026-08-25,Official state-funded provider record. Funded-space counts are not the same as current openings.
Meriden YMCA Preschool Center,Provider,Early Start CT funded child care,Child Care Center,Meriden,06451,"110 West Main St, Meriden, CT, 06451",Infant/Toddler; Preschool,Tina Valentin,(203) 235-6386,,DCCC 70733; Registry 12017,8,20,0,28,Meriden LGP,Rhonda Knight | rknight@meridenct.gov | 203-630-4222,"Contact the program directly for current openings, schedule, eligibility, and family cost.",Connecticut Office of Early Childhood Early Start CT FY26 map,2026-08-25,Official state-funded provider record. Funded-space counts are not the same as current openings.
Meriden-New Britain-Berlin YMCA Early Learning Center,Provider,Early Start CT funded child care,Child Care Center,Meriden,06451,"12 Johnson Ave, Meriden, CT, 06451",Infant/Toddler; Preschool,Tina Valentin,(203) 440-3254,,DCCC.70373; Registry 8164,32,51,0,83,Meriden LGP,Rhonda Knight | rknight@meridenct.gov | 203-630-4222,"Contact the program directly for current openings, schedule, eligibility, and family cost.",Connecticut Office of Early Childhood Early Start CT FY26 map,2026-08-25,Official state-funded provider record. Funded-space counts are not the same as current openings.
St. Stanislaus School Readiness,Provider,Early Start CT funded child care,Child Care Center,Meriden,06450,"81 Akron St, Meriden, CT, 06450",Preschool,Jennifer Caraballo,(203) 751-5531,,DCCC.16860; Registry 1693,0,56,0,56,Meriden LGP,Rhonda Knight | rknight@meridenct.gov | 203-630-4222,"Contact the program directly for current openings, schedule, eligibility, and family cost.",Connecticut Office of Early Childhood Early Start CT FY26 map,2026-08-25,Official state-funded provider record. Funded-space counts are not the same as current openings.
Viviana Soto Famiy Child Care Home,Provider,Early Start CT funded child care,Family Home,Meriden,06451,"365 Spring St, Meriden, CT, 06451",Infant/Toddler; Preschool,Viviana Soto,(203) 500-0132,,DCFH.56115; Registry 6361,5,4,0,9,Meriden LGP,Rhonda Knight | rknight@meridenct.gov | 203-630-4222,"Contact the program directly for current openings, schedule, eligibility, and family cost.",Connecticut Office of Early Childhood Early Start CT FY26 map,2026-08-25,Official state-funded provider record. Funded-space counts are not the same as current openings.
YMCA Meriden Child Care Center,Provider,Early Start CT funded child care,Child Care Center,Meriden,06450,"66 Crown St, Meriden, CT, 06450",Infant/Toddler; Preschool,MaryJo DiPasquale,(203) 235-8906,,DCCC.16416; Registry 1399,16,112,0,128,Meriden LGP,Rhonda Knight | rknight@meridenct.gov | 203-630-4222,"Contact the program directly for current openings, schedule, eligibility, and family cost.",Connecticut Office of Early Childhood Early Start CT FY26 map,2026-08-25,Official state-funded provider record. Funded-space counts are not the same as current openings.
Bright and Early Children's Learning Centers I,Provider,Early Start CT funded child care,Child Care Center,Middletown,06457,"861 Middle St, Middletown, CT, 06457",Infant/Toddler; Preschool,Kaitlynn Amadio,(860) 635-0544,,DCCC.15020; Registry 836,18,49,0,67,Middletown LGP,Dawn Dubay | dubayd@mpsct.org | 860-346-7354,"Contact the program directly for current openings, schedule, eligibility, and family cost.",Connecticut Office of Early Childhood Early Start CT FY26 map,2026-08-25,Official state-funded provider record. Funded-space counts are not the same as current openings.
Middletown BOE at Bielefield Preschool,Provider,Early Start CT funded child care,Public School,Middletown,06457,"70 Maynard St, Middletown, CT, 06457",Preschool,TBD,N/A,,EXEMPT; Registry 13204,0,10,0,10,Middletown LGP,Dawn Dubay | dubayd@mpsct.org | 860-346-7354,"Contact the program directly for current openings, schedule, eligibility, and family cost.",Connecticut Office of Early Childhood Early Start CT FY26 map,2026-08-25,Official state-funded provider record. Funded-space counts are not the same as current openings.
Middletown BOE at Snow,Provider,Early Start CT funded child care,Public School,Middletown,06457,"299 Wadsworth St, Middletown, CT, 06457",Preschool,Jen Larson,(860) 347-2579,,EXEMPT; Registry 1832,0,66,0,66,Middletown LGP,Dawn Dubay | dubayd@mpsct.org | 860-346-7354,"Contact the program directly for current openings, schedule, eligibility, and family cost.",Connecticut Office of Early Childhood Early Start CT FY26 map,2026-08-25,Official state-funded provider record. Funded-space counts are not the same as current openings.
Phelps Ingersoll Center for Children (YMCA),Provider,Early Start CT funded child care,Child Care Center,Middletown,06457,"99 Union St, Middletown, CT, 06457",Preschool,Karyn Hurlbert,(860) 343-6227,,DCCC.15442; Registry 1644,0,50,0,50,Middletown LGP,Dawn Dubay | dubayd@mpsct.org | 860-346-7354,"Contact the program directly for current openings, schedule, eligibility, and family cost.",Connecticut Office of Early Childhood Early Start CT FY26 map,2026-08-25,Official state-funded provider record. Funded-space counts are not the same as current openings.
Phelps Ingersoll Ctr for Children at MacDonough,Provider,Early Start CT funded child care,Child Care Center,Middletown,06457,"66 Spring St, Middletown, CT, 06457",Preschool,Karyn Hurlbert,(860) 343-6227,,DCCC.70119; Registry 7058,0,16,0,16,Middletown LGP,Dawn Dubay | dubayd@mpsct.org | 860-346-7354,"Contact the program directly for current openings, schedule, eligibility, and family cost.",Connecticut Office of Early Childhood Early Start CT FY26 map,2026-08-25,Official state-funded provider record. Funded-space counts are not the same as current openings.
South Farms Nursery School,Provider,Early Start CT funded child care,Child Care Center,Middletown,06457,"261 Ridge Rd, Middletown, CT, 06457",Preschool,Annette Di Mauro,(860) 209-1683,,DCCC.15773; Registry 838,0,18,0,18,Middletown LGP,Dawn Dubay | dubayd@mpsct.org | 860-346-7354,"Contact the program directly for current openings, schedule, eligibility, and family cost.",Connecticut Office of Early Childhood Early Start CT FY26 map,2026-08-25,Official state-funded provider record. Funded-space counts are not the same as current openings.
Town and Country Early Learning Centers,Provider,Early Start CT funded child care,Child Care Center,Middletown,06457,"195 S Main St, Middletown, CT, 06457",Infant/Toddler; Preschool,Judi Kenney,(860) 347-1400,,DCCC.16365; Registry 1678,7,54,0,61,Middletown LGP,Dawn Dubay | dubayd@mpsct.org | 860-346-7354,"Contact the program directly for current openings, schedule, eligibility, and family cost.",Connecticut Office of Early Childhood Early Start CT FY26 map,2026-08-25,Official state-funded provider record. Funded-space counts are not the same as current openings.
Good Child Development Center,Provider,Early Start CT funded child care,Child Care Center,Milford,06460,"170 Old Point Rd, Milford, CT, 06460",Infant/Toddler; Preschool; School age,Bill Okwuosa,(203) 874-8232,,DCCC.16530; Registry 874,28,21,4,53,Milford LGP,Mary Stone | mstone@aces.org | 203-783-3422,"Contact the program directly for current openings, schedule, eligibility, and family cost.",Connecticut Office of Early Childhood Early Start CT FY26 map,2026-08-25,Official state-funded provider record. Funded-space counts are not the same as current openings.
Milford Boe At Live Oaks Elementary School,Provider,Early Start CT funded child care,Public School,Milford,06460,"575 Merwin Ave, Milford, CT, 06460",Preschool,Terese Maquire,(203) 783-3627,,EXEMPT; Registry 7476,0,11,0,11,Milford LGP,Mary Stone | mstone@aces.org | 203-783-3422,"Contact the program directly for current openings, schedule, eligibility, and family cost.",Connecticut Office of Early Childhood Early Start CT FY26 map,2026-08-25,Official state-funded provider record. Funded-space counts are not the same as current openings.
Milford Boe At Orange Avenue School,Provider,Early Start CT funded child care,Public School,Milford,06460,"260 Orange Ave, Milford, CT, 06460",Preschool,Terese Maquire,(203) 783-3627,,EXEMPT; Registry 1805,0,22,0,22,Milford LGP,Mary Stone | mstone@aces.org | 203-783-3422,"Contact the program directly for current openings, schedule, eligibility, and family cost.",Connecticut Office of Early Childhood Early Start CT FY26 map,2026-08-25,Official state-funded provider record. Funded-space counts are not the same as current openings.
Milford Boe At Pumpkin Delight,Provider,Early Start CT funded child care,Public School,Milford,06460,"24 Art St, Milford, CT, 06460",Preschool,Terese Maquire,(203) 783-3627,,EXEMPT; Registry 7726,0,23,0,23,Milford LGP,Mary Stone | mstone@aces.org | 203-783-3422,"Contact the program directly for current openings, schedule, eligibility, and family cost.",Connecticut Office of Early Childhood Early Start CT FY26 map,2026-08-25,Official state-funded provider record. Funded-space counts are not the same as current openings.
TEAM - Margaret Egan Center (Milford),Provider,Early Start CT funded child care,Child Care Center,Milford,06460,"35 Matthews St, Milford, CT, 06460",Preschool,Jamie Peterson,(203) 734-8609,,DCCC.13987; Registry 1057,0,7,0,7,Milford LGP,Mary Stone | mstone@aces.org | 203-783-3422,"Contact the program directly for current openings, schedule, eligibility, and family cost.",Connecticut Office of Early Childhood Early Start CT FY26 map,2026-08-25,Official state-funded provider record. Funded-space counts are not the same as current openings.
Future Scholars,Provider,Early Start CT funded child care,Child Care Center,Naugatuck,06770,"30 Church St #60, Naugatuck, CT, 06770",Infant/Toddler; Preschool,Karen Dunn,(203) 632-8567,,DCCC.70584; Registry 9364,24,12,0,36,Naugatuck LGP,Eileen Cornacchia | ecornacchia@naugatuck-ct.gov | 617-416-6661,"Contact the program directly for current openings, schedule, eligibility, and family cost.",Connecticut Office of Early Childhood Early Start CT FY26 map,2026-08-25,Official state-funded provider record. Funded-space counts are not the same as current openings.
Future Scholars,Provider,Early Start CT funded child care,Child Care Center,Naugatuck,06770,"600 Rubber Ave, Naugatuck, CT, 06770",Preschool,Karen Dunn,(203) 632-8567,,DCCC.70726; Registry 11965,0,28,0,28,Naugatuck LGP,Eileen Cornacchia | ecornacchia@naugatuck-ct.gov | 617-416-6661,"Contact the program directly for current openings, schedule, eligibility, and family cost.",Connecticut Office of Early Childhood Early Start CT FY26 map,2026-08-25,Official state-funded provider record. Funded-space counts are not the same as current openings.
Naugatuck Boe At Early Childhood Center At Central Avenue,Provider,Early Start CT funded child care,Public School,Naugatuck,06770,"28 Central Ave, Naugatuck, CT, 06770",Preschool,Liying (Lily) Zhao,(203) 589-7391,,DCEX.80618; Registry 1632,0,43,0,43,Naugatuck LGP,Eileen Cornacchia | ecornacchia@naugatuck-ct.gov | 617-416-6661,"Contact the program directly for current openings, schedule, eligibility, and family cost.",Connecticut Office of Early Childhood Early Start CT FY26 map,2026-08-25,Official state-funded provider record. Funded-space counts are not the same as current openings.
Naugatuck Day Care,Provider,Early Start CT funded child care,Child Care Center,Naugatuck,06770,"27 Carroll St, Naugatuck, CT, 06770",Preschool,Kathleen C. LaBonte,(203) 720-7210,,DCCC.15531; Registry 1385,0,40,0,40,Naugatuck LGP,Eileen Cornacchia | ecornacchia@naugatuck-ct.gov | 617-416-6661,"Contact the program directly for current openings, schedule, eligibility, and family cost.",Connecticut Office of Early Childhood Early Start CT FY26 map,2026-08-25,Official state-funded provider record. Funded-space counts are not the same as current openings.
Naugatuck YMCA Little Grey Hounds,Provider,Early Start CT funded child care,Child Care Center,Naugatuck,06770,"543 Rubber Avenue, Naugatuck, CT, 06770",Preschool,Ruth Paul,(475) 701-5360,,DCCC. 70714; Registry 11923,0,28,0,28,Naugatuck LGP,Eileen Cornacchia | ecornacchia@naugatuck-ct.gov | 617-416-6661,"Contact the program directly for current openings, schedule, eligibility, and family cost.",Connecticut Office of Early Childhood Early Start CT FY26 map,2026-08-25,Official state-funded provider record. Funded-space counts are not the same as current openings.
Naugatuck Ymca Preschool And Early Learning Center,Provider,Early Start CT funded child care,Child Care Center,Naugatuck,06770,"284 Church St, Naugatuck, CT, 06770",Infant/Toddler; Preschool,Ruth Paul,(475) 701-5360,,DCCC.12283; Registry 2192,24,34,0,58,Naugatuck LGP,Eileen Cornacchia | ecornacchia@naugatuck-ct.gov | 617-416-6661,"Contact the program directly for current openings, schedule, eligibility, and family cost.",Connecticut Office of Early Childhood Early Start CT FY26 map,2026-08-25,Official state-funded provider record. Funded-space counts are not the same as current openings.
Cruz O'Neal Family Child Care Home,Provider,Early Start CT funded child care,Family Home,New Britain,06053,"142 MCCLINTOCK ST, New Britain, CT, 06053",Infant/Toddler,Cruz O'Neal,(860) 505-5712,,DCFH.57527; Registry 9564,9,0,0,9,New Britain LGP,Christopher Badenhop | badenhop@csdnb.org | 860-827-2240,"Contact the program directly for current openings, schedule, eligibility, and family cost.",Connecticut Office of Early Childhood Early Start CT FY26 map,2026-08-25,Official state-funded provider record. Funded-space counts are not the same as current openings.
Early Learning Program-CCSU,Provider,Early Start CT funded child care,Child Care Center,New Britain,06053,"1285 East St, New Britain, CT, 06053",Infant/Toddler; Preschool,Talhaht Mannan,(860) 306-4194,,DCCC.15852; Registry 1859,8,24,0,32,New Britain LGP,Christopher Badenhop | badenhop@csdnb.org | 860-827-2240,"Contact the program directly for current openings, schedule, eligibility, and family cost.",Connecticut Office of Early Childhood Early Start CT FY26 map,2026-08-25,Official state-funded provider record. Funded-space counts are not the same as current openings.
Greta Weiss Family Child Care Home (Little Garden Day Care),Provider,Early Start CT funded child care,Family Home,New Britain,06053,"38 Elizabeth Street, New Britain, CT, 06053",Infant/Toddler,Arunan Arulampalam,(860) 757-9595,,DCFH.57375; Registry 9063,5,0,0,5,New Britain LGP,Christopher Badenhop | badenhop@csdnb.org | 860-827-2240,"Contact the program directly for current openings, schedule, eligibility, and family cost.",Connecticut Office of Early Childhood Early Start CT FY26 map,2026-08-25,Official state-funded provider record. Funded-space counts are not the same as current openings.
HRA of NBB Franklin Early Childcare Lng Admy,Provider,Early Start CT funded child care,Child Care Center,New Britain,06053,"180 Clinton St, New Britain, CT, 06053",Infant/Toddler; Preschool,Amy Griswold,(860) 348-2205,,DCCC.15645; Registry 419,48,164,0,212,New Britain LGP,Christopher Badenhop | badenhop@csdnb.org | 860-827-2240,"Contact the program directly for current openings, schedule, eligibility, and family cost.",Connecticut Office of Early Childhood Early Start CT FY26 map,2026-08-25,Official state-funded provider record. Funded-space counts are not the same as current openings.
Meriden-New Britain-Berlin YMCA,Provider,Early Start CT funded child care,Child Care Center,New Britain,06052,"111 Hart St, New Britain, CT, 06052",Infant/Toddler; Preschool,Tina Valentin,(203) 314-1738,,DCCC.70328; Registry 7780,24,16,0,40,New Britain LGP,Christopher Badenhop | badenhop@csdnb.org | 860-827-2240,"Contact the program directly for current openings, schedule, eligibility, and family cost.",Connecticut Office of Early Childhood Early Start CT FY26 map,2026-08-25,Official state-funded provider record. Funded-space counts are not the same as current openings.
New Britain Boe At Gaffney School,Provider,Early Start CT funded child care,Public School,New Britain,06053,"322 Slater Rd, New Britain, CT, 06053",Preschool,Terry Turcotte,(860) 827-2017,,EXEMPT; Registry 1740,0,135,0,135,New Britain LGP,Christopher Badenhop | badenhop@csdnb.org | 860-827-2240,"Contact the program directly for current openings, schedule, eligibility, and family cost.",Connecticut Office of Early Childhood Early Start CT FY26 map,2026-08-25,Official state-funded provider record. Funded-space counts are not the same as current openings.
New Britain Boe At Roosevelt,Provider,Early Start CT funded child care,Public School,New Britain,06053,"40 Goodwin St, New Britain, CT, 06053",Preschool,Terry Turcotte,(860) 827-2017,,EXEMPT; Registry 7477,0,294,0,294,New Britain LGP,Christopher Badenhop | badenhop@csdnb.org | 860-827-2240,"Contact the program directly for current openings, schedule, eligibility, and family cost.",Connecticut Office of Early Childhood Early Start CT FY26 map,2026-08-25,Official state-funded provider record. Funded-space counts are not the same as current openings.
New Britain YMCA - Preschool,Provider,Early Start CT funded child care,Child Care Center,New Britain,06051,"50 High St, New Britain, CT, 06051",Infant/Toddler; Preschool,Tina Valentin,(203) 314-1738,,DCCC.70356; Registry 8084,48,40,0,88,New Britain LGP,Christopher Badenhop | badenhop@csdnb.org | 860-827-2240,"Contact the program directly for current openings, schedule, eligibility, and family cost.",Connecticut Office of Early Childhood Early Start CT FY26 map,2026-08-25,Official state-funded provider record. Funded-space counts are not the same as current openings.
Rosa Santana Peralta Family Child Care Home,Provider,Early Start CT funded child care,Family Home,New Britain,06051,"370 WASHINGTON ST #2, New Britain, CT, 06051",Infant/Toddler; Preschool,Rosa Icela Santana Peralta,(646) 886-6048,,DCFH.57726; Registry 9893,6,3,0,9,New Britain LGP,Christopher Badenhop | badenhop@csdnb.org | 860-827-2240,"Contact the program directly for current openings, schedule, eligibility, and family cost.",Connecticut Office of Early Childhood Early Start CT FY26 map,2026-08-25,Official state-funded provider record. Funded-space counts are not the same as current openings.
Ruth Robledo Family Child Care Home (Enjoy Learning Family Day Care),Provider,Early Start CT funded child care,Family Home,New Britain,06051,"30 Acorn Street, New Britain, CT, 06051",Infant/Toddler,Arunan Arulampalam,(860) 757-9595,,DCFH.56464; Registry 7207,6,0,0,6,New Britain LGP,Christopher Badenhop | badenhop@csdnb.org | 860-827-2240,"Contact the program directly for current openings, schedule, eligibility, and family cost.",Connecticut Office of Early Childhood Early Start CT FY26 map,2026-08-25,Official state-funded provider record. Funded-space counts are not the same as current openings.
Teresa Perleche Family Child Care Home (Creative Corner Family Day Care LLC),Provider,Early Start CT funded child care,Family Home,New Britain,06051,"147 Brook Street, New Britain, CT, 06051",Infant/Toddler,Arunan Arulampalam,(860) 757-9595,,DCFH.53831; Registry 5195,3,0,0,3,New Britain LGP,Christopher Badenhop | badenhop@csdnb.org | 860-827-2240,"Contact the program directly for current openings, schedule, eligibility, and family cost.",Connecticut Office of Early Childhood Early Start CT FY26 map,2026-08-25,Official state-funded provider record. Funded-space counts are not the same as current openings.
YWCA NB Incubator:  Ana Flores FCCH,Provider,Early Start CT funded child care,Family Home,New Britain,06053,"57 Fern Street Room 3, New Britain, CT, 06053",Infant/Toddler,Tracey Madden-Hennessey,(860) 977-7916,,DCFH.58055; Registry 12233,4,0,0,4,New Britain LGP,Christopher Badenhop | badenhop@csdnb.org | 860-827-2240,"Contact the program directly for current openings, schedule, eligibility, and family cost.",Connecticut Office of Early Childhood Early Start CT FY26 map,2026-08-25,Official state-funded provider record. Funded-space counts are not the same as current openings.
YWCA NB Incubator: Johnika Webster FCCH,Provider,Early Start CT funded child care,Family Home,New Britain,06053,"57 Fern Street Room 4, New Britain, CT, 06053",Infant/Toddler,Tracey Madden-Hennessey,(860) 977-7916,,DCFH.58057; Registry 12235,4,0,0,4,New Britain LGP,Christopher Badenhop | badenhop@csdnb.org | 860-827-2240,"Contact the program directly for current openings, schedule, eligibility, and family cost.",Connecticut Office of Early Childhood Early Start CT FY26 map,2026-08-25,Official state-funded provider record. Funded-space counts are not the same as current openings.
YWCA NB Incubator: Karla Aliendres FCCH,Provider,Early Start CT funded child care,Family Home,New Britain,06053,"57 Fern Street Room 2, New Britain, CT, 06053",Infant/Toddler,Tracey Madden-Hennessey,(860) 977-7916,,DCFH.58056; Registry 12234,4,0,0,4,New Britain LGP,Christopher Badenhop | badenhop@csdnb.org | 860-827-2240,"Contact the program directly for current openings, schedule, eligibility, and family cost.",Connecticut Office of Early Childhood Early Start CT FY26 map,2026-08-25,Official state-funded provider record. Funded-space counts are not the same as current openings.
YWCA NB Incubator: Lasondra Thompson FCCH,Provider,Early Start CT funded child care,Family Home,New Britain,06053,"57 Fern Street Room 1, New Britain, CT, 06053",Infant/Toddler,Tracey Madden-Hennessey,(860) 977-7916,,DCFH.58058; Registry 12236,4,0,0,4,New Britain LGP,Christopher Badenhop | badenhop@csdnb.org | 860-827-2240,"Contact the program directly for current openings, schedule, eligibility, and family cost.",Connecticut Office of Early Childhood Early Start CT FY26 map,2026-08-25,Official state-funded provider record. Funded-space counts are not the same as current openings.
YWCA New Britain Childcare Incubator Project (FCCH),Provider,Early Start CT funded child care,Child Care Center,New Britain,06051,"19 Franklin Square, New Britain, CT, 06051",,Tracey Madden-Hennessey,(860) 977-7916,,Various; Registry Incubator,0,0,0,0,New Britain LGP,Christopher Badenhop | badenhop@csdnb.org | 860-827-2240,"Contact the program directly for current openings, schedule, eligibility, and family cost.",Connecticut Office of Early Childhood Early Start CT FY26 map,2026-08-25,Official state-funded provider record. Funded-space counts are not the same as current openings.
YWCA of New Britain Child Care Center,Provider,Early Start CT funded child care,Child Care Center,New Britain,06051,"19 Franklin Square, New Britain, CT, 06051",Infant/Toddler; Preschool,Anne Sousa,(860) 225-4681,,DCCC.13507; Registry 1377,34,170,0,204,New Britain LGP,Christopher Badenhop | badenhop@csdnb.org | 860-827-2240,"Contact the program directly for current openings, schedule, eligibility, and family cost.",Connecticut Office of Early Childhood Early Start CT FY26 map,2026-08-25,Official state-funded provider record. Funded-space counts are not the same as current openings.
Day Care Center of New Canaan,Provider,Early Start CT funded child care,Child Care Center,New Canaan,06840,"156 South Ave, New Canaan, CT, 06840",Preschool; School age,Barbara Crolla,(203) 966-9247,,DCCC.14066; Registry 2,0,9,14,23,Early Start Network: Greenwich and New Canaan,David Cohen | davidcohentrumbull@gmail.com | 203-258-0383,"Contact the program directly for current openings, schedule, eligibility, and family cost.",Connecticut Office of Early Childhood Early Start CT FY26 map,2026-08-25,Official state-funded provider record. Funded-space counts are not the same as current openings.
First Step Preschool,Provider,Early Start CT funded child care,Child Care Center,New Fairfield,06812,"28 State Route 39, New Fairfield, CT, 06812",Infant/Toddler; Preschool,Virginia Boffardi,(203) 994-6066,,DCCC.14477; Registry 273,8,15,0,23,Greater Danbury LGP,Eileen Costello | costello@edadvance.org | 860-567-0863 ext.1160,"Contact the program directly for current openings, schedule, eligibility, and family cost.",Connecticut Office of Early Childhood Early Start CT FY26 map,2026-08-25,Official state-funded provider record. Funded-space counts are not the same as current openings.
Adriana Zamora Family Child Care Home,Provider,Early Start CT funded child care,Family Home,New Haven,06519,"14 ADELINE ST, New Haven, CT, 06519",Infant/Toddler; Preschool; School age,Adriana Zamora,(203) 988-7264,,DCFH.56928; Registry 8080,2,3,2,7,New Haven LGP,Kerry Oberg | koberg@uwgnh.org | 203-691-4208,"Contact the program directly for current openings, schedule, eligibility, and family cost.",Connecticut Office of Early Childhood Early Start CT FY26 map,2026-08-25,Official state-funded provider record. Funded-space counts are not the same as current openings.
All Our Children Academy,Provider,Early Start CT funded child care,Child Care Center,New Haven,06511,"514 Orchard St, New Haven, CT, 06511",Infant/Toddler; Preschool,Gwendolyn Daniels,N/A,,DCCC.70457; Registry 8554,6,3,0,9,New Haven LGP,Kerry Oberg | koberg@uwgnh.org | 203-691-4208,"Contact the program directly for current openings, schedule, eligibility, and family cost.",Connecticut Office of Early Childhood Early Start CT FY26 map,2026-08-25,Official state-funded provider record. Funded-space counts are not the same as current openings.
Auntie Rose Child Care Development Center,Provider,Early Start CT funded child care,Child Care Center,New Haven,06513,"125 Grand Ave, New Haven, CT, 06513",Infant/Toddler,Rosa Bermudez,(475) 444-9134,,DCCC.70456; Registry 8553,31,0,0,31,New Haven LGP,Kerry Oberg | koberg@uwgnh.org | 203-691-4208,"Contact the program directly for current openings, schedule, eligibility, and family cost.",Connecticut Office of Early Childhood Early Start CT FY26 map,2026-08-25,Official state-funded provider record. Funded-space counts are not the same as current openings.
Auntie Rose Child Care Development Center II,Provider,Early Start CT funded child care,Child Care Center,New Haven,06513,"132 Grand Ave, New Haven, CT, 06513",Preschool,Yakaira Meran,N/A,,DCCC.70838; Registry 13172,0,28,0,28,New Haven LGP,Kerry Oberg | koberg@uwgnh.org | 203-691-4208,"Contact the program directly for current openings, schedule, eligibility, and family cost.",Connecticut Office of Early Childhood Early Start CT FY26 map,2026-08-25,Official state-funded provider record. Funded-space counts are not the same as current openings.
Calvin Hill Day Care Ctr-KLF Kindergarten,Provider,Early Start CT funded child care,Child Care Center,New Haven,06511,"150 Highland St, New Haven, CT, 06511",Preschool,Susan Taddei,(203) 530-6606,,DCCC.12194; Registry 888,0,16,0,16,New Haven LGP,Kerry Oberg | koberg@uwgnh.org | 203-691-4208,"Contact the program directly for current openings, schedule, eligibility, and family cost.",Connecticut Office of Early Childhood Early Start CT FY26 map,2026-08-25,Official state-funded provider record. Funded-space counts are not the same as current openings.
Catholic Charities Child Development Center-New Haven,Provider,Early Start CT funded child care,Child Care Center,New Haven,06511,"790 Grand Ave, New Haven, CT, 06511",Infant/Toddler; Preschool,Jennifer Caraballo,(203) 751-5531,,DCCC.16763; Registry 2047,24,40,0,64,New Haven LGP,Kerry Oberg | koberg@uwgnh.org | 203-691-4208,"Contact the program directly for current openings, schedule, eligibility, and family cost.",Connecticut Office of Early Childhood Early Start CT FY26 map,2026-08-25,Official state-funded provider record. Funded-space counts are not the same as current openings.
Centro San Jose Child Development Center (Catholic Charities),Provider,Early Start CT funded child care,Child Care Center,New Haven,06513,"290 Grand Ave, New Haven, CT, 06513",Preschool,Sylvia Velez,(203) 777-6771,,DCCC.15510; Registry 1623,0,59,0,59,New Haven LGP,Kerry Oberg | koberg@uwgnh.org | 203-691-4208,"Contact the program directly for current openings, schedule, eligibility, and family cost.",Connecticut Office of Early Childhood Early Start CT FY26 map,2026-08-25,Official state-funded provider record. Funded-space counts are not the same as current openings.
Creating Kids at the CT Children's Museum,Provider,Early Start CT funded child care,Child Care Center,New Haven,06511,"22 Wall St, New Haven, CT, 06511",Preschool,Lorraine Rodgers,(203) 562-5437,,DCCC.13946; Registry 1839,0,9,0,9,New Haven LGP,Kerry Oberg | koberg@uwgnh.org | 203-691-4208,"Contact the program directly for current openings, schedule, eligibility, and family cost.",Connecticut Office of Early Childhood Early Start CT FY26 map,2026-08-25,Official state-funded provider record. Funded-space counts are not the same as current openings.
Creative M.E.,Provider,Early Start CT funded child care,Child Care Center,New Haven,06515,"446A Blake St, New Haven, CT, 06515",Infant/Toddler; Preschool,Mechele Ellis,(203) 859-2804,,DCCC.70147; Registry 1502,32,40,0,72,New Haven LGP,Kerry Oberg | koberg@uwgnh.org | 203-691-4208,"Contact the program directly for current openings, schedule, eligibility, and family cost.",Connecticut Office of Early Childhood Early Start CT FY26 map,2026-08-25,Official state-funded provider record. Funded-space counts are not the same as current openings.
Elizabeth Celotto Child Care Center,Provider,Early Start CT funded child care,Child Care Center,New Haven,06511,"181 Mitchell Dr, New Haven, CT, 06511",Infant/Toddler,Robin Moore-Evans,(475) 220-7455,,DCCC.14338; Registry 1077,21,0,0,21,New Haven LGP,Kerry Oberg | koberg@uwgnh.org | 203-691-4208,"Contact the program directly for current openings, schedule, eligibility, and family cost.",Connecticut Office of Early Childhood Early Start CT FY26 map,2026-08-25,Official state-funded provider record. Funded-space counts are not the same as current openings.
Farnam Nursery School,Provider,Early Start CT funded child care,Child Care Center,New Haven,06513,"162 Fillmore St, New Haven, CT, 06513",Preschool,Shubhra Gupta,(203) 772-1270,,DCCC.70617; Registry 9540,0,74,0,74,New Haven LGP,Kerry Oberg | koberg@uwgnh.org | 203-691-4208,"Contact the program directly for current openings, schedule, eligibility, and family cost.",Connecticut Office of Early Childhood Early Start CT FY26 map,2026-08-25,Official state-funded provider record. Funded-space counts are not the same as current openings.
First Step Child Care and Learning Center,Provider,Early Start CT funded child care,Child Care Center,New Haven,06511,"95 Hamilton St, New Haven, CT, 06511",Infant/Toddler; Preschool,Maria Vargas,(203) 498-0812,,DCCC.70158; Registry 6970,70,42,0,112,New Haven LGP,Kerry Oberg | koberg@uwgnh.org | 203-691-4208,"Contact the program directly for current openings, schedule, eligibility, and family cost.",Connecticut Office of Early Childhood Early Start CT FY26 map,2026-08-25,Official state-funded provider record. Funded-space counts are not the same as current openings.
Friends Center for Children (Blake Street),Provider,Early Start CT funded child care,Child Care Center,New Haven,06515,"495 Blake St, New Haven, CT, 06515",Infant/Toddler; Preschool,Miriam Johnson,(203) 374-3637,,DCCC.70516; Registry 8839,17,18,0,35,New Haven LGP,Kerry Oberg | koberg@uwgnh.org | 203-691-4208,"Contact the program directly for current openings, schedule, eligibility, and family cost.",Connecticut Office of Early Childhood Early Start CT FY26 map,2026-08-25,Official state-funded provider record. Funded-space counts are not the same as current openings.
Friends Center for Children (East Grand Ave),Provider,Early Start CT funded child care,Child Care Center,New Haven,06513,"227 E Grand Ave, New Haven, CT, 06513",Infant/Toddler; Preschool,Miriam Johnson,(203) 374-3637,,DCCC.16847; Registry 3216,42,35,0,77,New Haven LGP,Kerry Oberg | koberg@uwgnh.org | 203-691-4208,"Contact the program directly for current openings, schedule, eligibility, and family cost.",Connecticut Office of Early Childhood Early Start CT FY26 map,2026-08-25,Official state-funded provider record. Funded-space counts are not the same as current openings.
Friends Center for Children (Flint Street),Provider,Early Start CT funded child care,Child Care Center,New Haven,06513,"25 Flint St, New Haven, CT, 06513",Infant/Toddler,Miriam Johnson,N/A,,DCCC.70792; Registry 12297,25,0,0,25,New Haven LGP,Kerry Oberg | koberg@uwgnh.org | 203-691-4208,"Contact the program directly for current openings, schedule, eligibility, and family cost.",Connecticut Office of Early Childhood Early Start CT FY26 map,2026-08-25,Official state-funded provider record. Funded-space counts are not the same as current openings.
Gateway Community College Early Learning Center,Provider,Early Start CT funded child care,Child Care Center,New Haven,06510,"20 Church St, New Haven, CT, 06510",Infant/Toddler; Preschool,Carmelita Valencia-Daye,(203) 285-2132,,DCCC.12735; Registry 1492,12,30,0,42,New Haven LGP,Kerry Oberg | koberg@uwgnh.org | 203-691-4208,"Contact the program directly for current openings, schedule, eligibility, and family cost.",Connecticut Office of Early Childhood Early Start CT FY26 map,2026-08-25,Official state-funded provider record. Funded-space counts are not the same as current openings.
Hope Child Development Center,Provider,Early Start CT funded child care,Child Care Center,New Haven,06511,"81 Olive St, New Haven, CT, 06511",Infant/Toddler; Preschool; School age,Georgia Goldburn,(860) 913-4906,,DCCC.16314; Registry 3142,39,21,13,73,New Haven LGP,Kerry Oberg | koberg@uwgnh.org | 203-691-4208,"Contact the program directly for current openings, schedule, eligibility, and family cost.",Connecticut Office of Early Childhood Early Start CT FY26 map,2026-08-25,Official state-funded provider record. Funded-space counts are not the same as current openings.
Kidz Tyme Learning Center,Provider,Early Start CT funded child care,Child Care Center,New Haven,06511,"17 Norton Street, New Haven, CT, 06511",Infant/Toddler; Preschool,Kieth Myers,(475) 331-6125,,DCCC.70570; Registry 9024,80,20,0,100,New Haven LGP,Kerry Oberg | koberg@uwgnh.org | 203-691-4208,"Contact the program directly for current openings, schedule, eligibility, and family cost.",Connecticut Office of Early Childhood Early Start CT FY26 map,2026-08-25,Official state-funded provider record. Funded-space counts are not the same as current openings.
Laura Brown Family Child Care Home (Growing Up Together Daycare) (FCCH),Provider,Early Start CT funded child care,Family Home,New Haven,06513,"83 Irvington Street, New Haven, CT, 06513",Infant/Toddler; Preschool,Georgia Goldburn,(860) 913-4906,,DCFH.56845; Registry 7845,3,6,0,9,New Haven LGP,Kerry Oberg | koberg@uwgnh.org | 203-691-4208,"Contact the program directly for current openings, schedule, eligibility, and family cost.",Connecticut Office of Early Childhood Early Start CT FY26 map,2026-08-25,Official state-funded provider record. Funded-space counts are not the same as current openings.
Leila Day Nurseries,Provider,Early Start CT funded child care,Child Care Center,New Haven,06511,"100 Cold Spring St, New Haven, CT, 06511",Preschool,Charlie Malone,(203) 624-1374,,DCCC.12571; Registry 890,0,18,0,18,New Haven LGP,Kerry Oberg | koberg@uwgnh.org | 203-691-4208,"Contact the program directly for current openings, schedule, eligibility, and family cost.",Connecticut Office of Early Childhood Early Start CT FY26 map,2026-08-25,Official state-funded provider record. Funded-space counts are not the same as current openings.
Lincoln Bassett School – Head Start,Provider,Early Start CT funded child care,Public School,New Haven,06511,"130 Bassett St, New Haven, CT, 06511",,Mary Derwin,(475) 220-1467,,Exempt; Registry 6290,0,0,0,0,New Haven LGP,Kerry Oberg | koberg@uwgnh.org | 203-691-4208,"Contact the program directly for current openings, schedule, eligibility, and family cost.",Connecticut Office of Early Childhood Early Start CT FY26 map,2026-08-25,Official state-funded provider record. Funded-space counts are not the same as current openings.
Luisa Barrionuevo Family Child Care Home,Provider,Early Start CT funded child care,Family Home,New Haven,06513,"55 chambers st apto 1, New Haven, CT, 06513",Infant/Toddler; Preschool,Luisa T Barrionuevo,(203) 571-7645,,DCFH.57316; Registry 8927,4,2,0,6,New Haven LGP,Kerry Oberg | koberg@uwgnh.org | 203-691-4208,"Contact the program directly for current openings, schedule, eligibility, and family cost.",Connecticut Office of Early Childhood Early Start CT FY26 map,2026-08-25,Official state-funded provider record. Funded-space counts are not the same as current openings.
Lulac Head Start-Fay Miller Center,Provider,Early Start CT funded child care,Child Care Center,New Haven,06519,"250 Cedar St, New Haven, CT, 06519",Infant/Toddler; Preschool,Mikyle Byrd-Vaughn,(203) 836-4705,,DCCC.15536; Registry 1110,45,77,0,122,New Haven LGP,Kerry Oberg | koberg@uwgnh.org | 203-691-4208,"Contact the program directly for current openings, schedule, eligibility, and family cost.",Connecticut Office of Early Childhood Early Start CT FY26 map,2026-08-25,Official state-funded provider record. Funded-space counts are not the same as current openings.
Lulac Head Start-Future Leaders Center,Provider,Early Start CT funded child care,Child Care Center,New Haven,06513,"106 Haven St, New Haven, CT, 06513",Infant/Toddler; Preschool,Mikyle Byrd-Vaughn,(203) 836-4705,,DCCC.13876; Registry 1021,47,28,0,75,New Haven LGP,Kerry Oberg | koberg@uwgnh.org | 203-691-4208,"Contact the program directly for current openings, schedule, eligibility, and family cost.",Connecticut Office of Early Childhood Early Start CT FY26 map,2026-08-25,Official state-funded provider record. Funded-space counts are not the same as current openings.
Maria Chacon Arevalo Family Child Care Home,Provider,Early Start CT funded child care,Family Home,New Haven,06513,"39 ROCK HILL RD, New Haven, CT, 06513",Infant/Toddler; Preschool; School age,Maria A Chacon Arevalo,(475) 372-2056,,DCFH.57930; Registry 12032,6,2,1,9,New Haven LGP,Kerry Oberg | koberg@uwgnh.org | 203-691-4208,"Contact the program directly for current openings, schedule, eligibility, and family cost.",Connecticut Office of Early Childhood Early Start CT FY26 map,2026-08-25,Official state-funded provider record. Funded-space counts are not the same as current openings.
Montessori School on Edgewood,Provider,Early Start CT funded child care,Child Care Center,New Haven,06511,"230 Edgewood Ave, New Haven, CT, 06511",Infant/Toddler; Preschool,Cecile Malm,(203) 772-3210,,DCCC.16274; Registry 1579,20,24,0,44,New Haven LGP,Kerry Oberg | koberg@uwgnh.org | 203-691-4208,"Contact the program directly for current openings, schedule, eligibility, and family cost.",Connecticut Office of Early Childhood Early Start CT FY26 map,2026-08-25,Official state-funded provider record. Funded-space counts are not the same as current openings.
Morning Glory Early Learning Center,Provider,Early Start CT funded child care,Child Care Center,New Haven,06515,"1859 Chapel St, New Haven, CT, 06515",Infant/Toddler; Preschool,Glory Smith,(203) 389-4148,,DCCC.15339; Registry 1112,8,10,0,18,New Haven LGP,Kerry Oberg | koberg@uwgnh.org | 203-691-4208,"Contact the program directly for current openings, schedule, eligibility, and family cost.",Connecticut Office of Early Childhood Early Start CT FY26 map,2026-08-25,Official state-funded provider record. Funded-space counts are not the same as current openings.
Morning Glory Infant-Toddler Center,Provider,Early Start CT funded child care,Child Care Center,New Haven,06511,"49 Parmalee Ave, New Haven, CT, 06511",Infant/Toddler,Glory Smith,(203) 389-4148,,DCCC.16433; Registry 2032,16,0,0,16,New Haven LGP,Kerry Oberg | koberg@uwgnh.org | 203-691-4208,"Contact the program directly for current openings, schedule, eligibility, and family cost.",Connecticut Office of Early Childhood Early Start CT FY26 map,2026-08-25,Official state-funded provider record. Funded-space counts are not the same as current openings.
Ms. Mia’s TLC  Group Daycare (DCGH),Provider,Early Start CT funded child care,Group Home,New Haven,06511,"18 Compton Street, New Haven, CT, 06511",Infant/Toddler; Preschool,Georgia Goldburn,(860) 913-4906,,DCGH.80007; Registry 7529,5,2,0,7,New Haven LGP,Kerry Oberg | koberg@uwgnh.org | 203-691-4208,"Contact the program directly for current openings, schedule, eligibility, and family cost.",Connecticut Office of Early Childhood Early Start CT FY26 map,2026-08-25,Official state-funded provider record. Funded-space counts are not the same as current openings.
Natasha Smith Family Child Care Home,Provider,Early Start CT funded child care,Family Home,New Haven,06511,"27 Mead St. 1st Fl., New Haven, CT, 06511",Infant/Toddler; Preschool; School age,Natasha Smith,(203) 809-8287,,DCFH.53340; Registry 7736,3,4,1,8,New Haven LGP,Kerry Oberg | koberg@uwgnh.org | 203-691-4208,"Contact the program directly for current openings, schedule, eligibility, and family cost.",Connecticut Office of Early Childhood Early Start CT FY26 map,2026-08-25,Official state-funded provider record. Funded-space counts are not the same as current openings.
New Haven BOE at Columbus Family Academy,Provider,Early Start CT funded child care,Public School,New Haven,06513,"255 Blatchley Ave, New Haven, CT, 06513",Preschool,Monique Gibbs,(203) 430-3889,,EXEMPT; Registry 1886,0,17,0,17,New Haven LGP,Kerry Oberg | koberg@uwgnh.org | 203-691-4208,"Contact the program directly for current openings, schedule, eligibility, and family cost.",Connecticut Office of Early Childhood Early Start CT FY26 map,2026-08-25,Official state-funded provider record. Funded-space counts are not the same as current openings.
New Haven BOE at East Rock School,Provider,Early Start CT funded child care,Public School,New Haven,06511,"133 Nash St, New Haven, CT, 06511",Preschool,Monique Gibbs,(203) 430-3889,,EXEMPT; Registry 6363,0,34,0,34,New Haven LGP,Kerry Oberg | koberg@uwgnh.org | 203-691-4208,"Contact the program directly for current openings, schedule, eligibility, and family cost.",Connecticut Office of Early Childhood Early Start CT FY26 map,2026-08-25,Official state-funded provider record. Funded-space counts are not the same as current openings.
New Haven BOE at Hill Central School,Provider,Early Start CT funded child care,Public School,New Haven,06519,"140 Dewitt St, New Haven, CT, 06519",Preschool,Monique Gibbs,(203) 430-3889,,EXEMPT; Registry 2001,0,17,0,17,New Haven LGP,Kerry Oberg | koberg@uwgnh.org | 203-691-4208,"Contact the program directly for current openings, schedule, eligibility, and family cost.",Connecticut Office of Early Childhood Early Start CT FY26 map,2026-08-25,Official state-funded provider record. Funded-space counts are not the same as current openings.
New Haven BOE at Nathan Hale School,Provider,Early Start CT funded child care,Public School,New Haven,06512,"480 Townsend Ave, New Haven, CT, 06512",Preschool,Monique Gibbs,(203) 430-3889,,EXEMPT; Registry 1520,0,27,0,27,New Haven LGP,Kerry Oberg | koberg@uwgnh.org | 203-691-4208,"Contact the program directly for current openings, schedule, eligibility, and family cost.",Connecticut Office of Early Childhood Early Start CT FY26 map,2026-08-25,Official state-funded provider record. Funded-space counts are not the same as current openings.
New Haven YMCA Youth Center,Provider,Early Start CT funded child care,Child Care Center,New Haven,06511,"52 Howe St, New Haven, CT, 06511",Infant/Toddler; Preschool; School age,Aishah Brice,(203) 776-9622,,DCCC.14328; Registry 1697,28,40,20,88,New Haven LGP,Kerry Oberg | koberg@uwgnh.org | 203-691-4208,"Contact the program directly for current openings, schedule, eligibility, and family cost.",Connecticut Office of Early Childhood Early Start CT FY26 map,2026-08-25,Official state-funded provider record. Funded-space counts are not the same as current openings.
Shelta Wilson Family Child Care Home (Baby Me Daycare),Provider,Early Start CT funded child care,Family Home,New Haven,06515,"22 Ramsdell Street, New Haven, CT, 06515",Infant/Toddler; Preschool; School age,Georgia Goldburn,(860) 913-4906,,DCFH.52675; Registry 4853,2,2,3,7,New Haven LGP,Kerry Oberg | koberg@uwgnh.org | 203-691-4208,"Contact the program directly for current openings, schedule, eligibility, and family cost.",Connecticut Office of Early Childhood Early Start CT FY26 map,2026-08-25,Official state-funded provider record. Funded-space counts are not the same as current openings.
St Andrew's Child Care Center,Provider,Early Start CT funded child care,Child Care Center,New Haven,06512,"1230 Townsend Ave, New Haven, CT, 06512",Infant/Toddler; Preschool,Elisha Nelson,(203) 469-9000,,DCCC.12248; Registry 894,16,40,0,56,New Haven LGP,Kerry Oberg | koberg@uwgnh.org | 203-691-4208,"Contact the program directly for current openings, schedule, eligibility, and family cost.",Connecticut Office of Early Childhood Early Start CT FY26 map,2026-08-25,Official state-funded provider record. Funded-space counts are not the same as current openings.
St. Aedan Pre School,Provider,Early Start CT funded child care,Child Care Center,New Haven,06515,"351 Mckinley Ave, New Haven, CT, 06515",Infant/Toddler; Preschool,Judy Thompson,(203) 387-0041,,DCCC.70781; Registry 12224,16,56,0,72,New Haven LGP,Kerry Oberg | koberg@uwgnh.org | 203-691-4208,"Contact the program directly for current openings, schedule, eligibility, and family cost.",Connecticut Office of Early Childhood Early Start CT FY26 map,2026-08-25,Official state-funded provider record. Funded-space counts are not the same as current openings.
The Little Schoolhouse,Provider,Early Start CT funded child care,Child Care Center,New Haven,06515,"1440 Whalley Ave, Ste 5, New Haven, CT, 06515",Infant/Toddler; Preschool,Mimi Bryant,(203) 645-5044,,DCCC.16475; Registry 1831,24,18,0,42,New Haven LGP,Kerry Oberg | koberg@uwgnh.org | 203-691-4208,"Contact the program directly for current openings, schedule, eligibility, and family cost.",Connecticut Office of Early Childhood Early Start CT FY26 map,2026-08-25,Official state-funded provider record. Funded-space counts are not the same as current openings.
Westville Community Nursery School,Provider,Early Start CT funded child care,Child Care Center,New Haven,06515,"3 Tour Ave, New Haven, CT, 06515",Preschool,Shannon Knudsen,(203) 387-6660,,DCCC.13435; Registry 1696,0,12,0,12,New Haven LGP,Kerry Oberg | koberg@uwgnh.org | 203-691-4208,"Contact the program directly for current openings, schedule, eligibility, and family cost.",Connecticut Office of Early Childhood Early Start CT FY26 map,2026-08-25,Official state-funded provider record. Funded-space counts are not the same as current openings.
Child Works Pre-School,Provider,Early Start CT funded child care,Child Care Center,New London,06320,"3 Garvin St, New London, CT, 06320",Preschool,Cynthia Watts,(860) 443-6046,,DCCC.14007; Registry 1230,0,16,0,16,New London LGP,Kelly Davis | kdavis@learn.k12.ct.us | 860-434-4800 ext. 1128,"Contact the program directly for current openings, schedule, eligibility, and family cost.",Connecticut Office of Early Childhood Early Start CT FY26 map,2026-08-25,Official state-funded provider record. Funded-space counts are not the same as current openings.
Children's Learning Center at Mitchell College,Provider,Early Start CT funded child care,Child Care Center,New London,06320,"701 Montauk Ave, New London, CT, 06320",Preschool,Kathleen Hallahan,(860) 701-5348,,DCCC.70370; Registry 2191,0,6,0,6,New London LGP,Kelly Davis | kdavis@learn.k12.ct.us | 860-434-4800 ext. 1128,"Contact the program directly for current openings, schedule, eligibility, and family cost.",Connecticut Office of Early Childhood Early Start CT FY26 map,2026-08-25,Official state-funded provider record. Funded-space counts are not the same as current openings.
Connecticut College Children's Program,Provider,Early Start CT funded child care,Child Care Center,New London,06320,"75 Nameaug Avenue, New London, CT, 06320",Infant/Toddler; Preschool,Kathryn O'Connor,N/A,,DCCC.16689; Registry 1745,3,25,0,28,New London LGP,Kelly Davis | kdavis@learn.k12.ct.us | 860-434-4800 ext. 1128,"Contact the program directly for current openings, schedule, eligibility, and family cost.",Connecticut Office of Early Childhood Early Start CT FY26 map,2026-08-25,Official state-funded provider record. Funded-space counts are not the same as current openings.
Early Childhood Development Center New London,Provider,Early Start CT funded child care,Child Care Center,New London,06320,"7 Vauxhall St, New London, CT, 06320",Infant/Toddler; Preschool,Lynn Reichart,(860) 543-3101,,DCCC.13998; Registry 1586,10,40,0,50,New London LGP,Kelly Davis | kdavis@learn.k12.ct.us | 860-434-4800 ext. 1128,"Contact the program directly for current openings, schedule, eligibility, and family cost.",Connecticut Office of Early Childhood Early Start CT FY26 map,2026-08-25,Official state-funded provider record. Funded-space counts are not the same as current openings.
New London BOE at Early Childhood Center at B.P. Learned Mission,Provider,Early Start CT funded child care,Public School,New London,06320,"40 Shaw St., New London, CT, 06320",Preschool,TBD,N/A,,EXEMPT; Registry 9662,0,40,0,40,New London LGP,Kelly Davis | kdavis@learn.k12.ct.us | 860-434-4800 ext. 1128,"Contact the program directly for current openings, schedule, eligibility, and family cost.",Connecticut Office of Early Childhood Early Start CT FY26 map,2026-08-25,Official state-funded provider record. Funded-space counts are not the same as current openings.
TVCCA Little Learners/Head Start-New London,Provider,Early Start CT funded child care,Child Care Center,New London,06320,"387 Bayonet St, New London, CT, 06320",Infant/Toddler; Preschool,Debbi Poirier,(860) 425-6566,,DCCC.15931; Registry 1395,36,100,0,136,New London LGP,Kelly Davis | kdavis@learn.k12.ct.us | 860-434-4800 ext. 1128,"Contact the program directly for current openings, schedule, eligibility, and family cost.",Connecticut Office of Early Childhood Early Start CT FY26 map,2026-08-25,Official state-funded provider record. Funded-space counts are not the same as current openings.
The Childrens Center of New Milford,Provider,Early Start CT funded child care,Child Care Center,New Milford,06776,"11A Aspetuck Ave, New Milford, CT, 06776",Infant/Toddler; Preschool; School age,Andrea Miladinov,(860) 354-1883,,DCCC.13459; Registry 1417,8,24,12,44,Greater Danbury LGP,Eileen Costello | costello@edadvance.org | 860-567-0863 ext.1160,"Contact the program directly for current openings, schedule, eligibility, and family cost.",Connecticut Office of Early Childhood Early Start CT FY26 map,2026-08-25,Official state-funded provider record. Funded-space counts are not the same as current openings.
Southfield Children's Center,Provider,Early Start CT funded child care,Child Care Center,Newington,06111,"84 Faith Rd, Newington, CT, 06111",Infant/Toddler; Preschool,Laura S Kouame,(860) 666-8811,,DCCC.15726; Registry 1430,22,26,0,48,Newington LGP,Jean Barresi | jbarresi@crec.org | 860-324-3391,"Contact the program directly for current openings, schedule, eligibility, and family cost.",Connecticut Office of Early Childhood Early Start CT FY26 map,2026-08-25,Official state-funded provider record. Funded-space counts are not the same as current openings.
Children's Adventure Center,Provider,Early Start CT funded child care,Child Care Center,Newtown,06482,"14 Riverside Rd, Newtown, CT, 06482",Preschool,Anna M Ruggiero,(203) 943-3908,,DCCC.12807; Registry 131,0,30,0,30,Greater Danbury LGP,Eileen Costello | costello@edadvance.org | 860-567-0863 ext.1160,"Contact the program directly for current openings, schedule, eligibility, and family cost.",Connecticut Office of Early Childhood Early Start CT FY26 map,2026-08-25,Official state-funded provider record. Funded-space counts are not the same as current openings.
Carousel Preschool,Provider,Early Start CT funded child care,Child Care Center,Norwalk,06851,"23 France St, Norwalk, CT, 06851",Preschool,Joyce Abate,(203) 847-1276,,DCCC.13947; Registry 65,0,40,0,40,Norwalk LGP,Carol Carrozelli | carrozellic@norwalkps.org | 203-854-4114,"Contact the program directly for current openings, schedule, eligibility, and family cost.",Connecticut Office of Early Childhood Early Start CT FY26 map,2026-08-25,Official state-funded provider record. Funded-space counts are not the same as current openings.
CIFC/GNHS – Ben Franklin (Norwalk),Provider,Early Start CT funded child care,Child Care Center,Norwalk,06854,"165 Flax Hill Rd, Norwalk, CT, 06854",,Kari Gutierrez,(203) 791-5090,,DCCC.70422; Registry 8333,0,0,0,0,Norwalk LGP,Carol Carrozelli | carrozellic@norwalkps.org | 203-854-4114,"Contact the program directly for current openings, schedule, eligibility, and family cost.",Connecticut Office of Early Childhood Early Start CT FY26 map,2026-08-25,Official state-funded provider record. Funded-space counts are not the same as current openings.
CIFC/Greater Norwalk Head Start - Ely,Provider,Early Start CT funded child care,Child Care Center,Norwalk,06854,"11 Ingalls Ave, Norwalk, CT, 06854",Preschool,Kari Gutierrez,(203) 791-5090,,DCCC.70435; Registry 8529,0,41,0,41,Norwalk LGP,Carol Carrozelli | carrozellic@norwalkps.org | 203-854-4114,"Contact the program directly for current openings, schedule, eligibility, and family cost.",Connecticut Office of Early Childhood Early Start CT FY26 map,2026-08-25,Official state-funded provider record. Funded-space counts are not the same as current openings.
Growing Seeds Child Development Center,Provider,Early Start CT funded child care,Child Care Center,Norwalk,06854,"2 Trinity Place, Norwalk, CT, 06854",Infant/Toddler; Preschool,Stephanie Croswell,(203) 857-0708,,DCCC.16198; Registry 1924,8,28,0,36,Norwalk LGP,Carol Carrozelli | carrozellic@norwalkps.org | 203-854-4114,"Contact the program directly for current openings, schedule, eligibility, and family cost.",Connecticut Office of Early Childhood Early Start CT FY26 map,2026-08-25,Official state-funded provider record. Funded-space counts are not the same as current openings.
Growing Seeds Child Development Center Ben Franklin,Provider,Early Start CT funded child care,Child Care Center,Norwalk,06854,"165 Flax Hill Rd, Norwalk, CT, 06854",Infant/Toddler; Preschool,Stephanie Croswell,(475) 208-6300,,DCCC.70306; Registry 7732,16,41,0,57,Norwalk LGP,Carol Carrozelli | carrozellic@norwalkps.org | 203-854-4114,"Contact the program directly for current openings, schedule, eligibility, and family cost.",Connecticut Office of Early Childhood Early Start CT FY26 map,2026-08-25,Official state-funded provider record. Funded-space counts are not the same as current openings.
Lil Critters Preschool,Provider,Early Start CT funded child care,Child Care Center,Norwalk,06851,"10 Lewis St, Norwalk, CT, 06851",Preschool,Gay Cavanagh,(203) 984-3453,,DCCC.13979; Registry 253,0,42,0,42,Norwalk LGP,Carol Carrozelli | carrozellic@norwalkps.org | 203-854-4114,"Contact the program directly for current openings, schedule, eligibility, and family cost.",Connecticut Office of Early Childhood Early Start CT FY26 map,2026-08-25,Official state-funded provider record. Funded-space counts are not the same as current openings.
Marvin Children's Center,Provider,Early Start CT funded child care,Child Care Center,Norwalk,06855,"60 Gregory Boulevard, Norwalk, CT, 06855",Preschool,Katie Fitzmaurice,(203) 854-4660,,DCCC.15341; Registry 306,0,40,0,40,Norwalk LGP,Carol Carrozelli | carrozellic@norwalkps.org | 203-854-4114,"Contact the program directly for current openings, schedule, eligibility, and family cost.",Connecticut Office of Early Childhood Early Start CT FY26 map,2026-08-25,Official state-funded provider record. Funded-space counts are not the same as current openings.
Norwalk BOE At Cranbury Elementary,Provider,Early Start CT funded child care,Public School,Norwalk,06851,"10 Knowalot Ln, Norwalk, CT, 06851",Preschool,Christopher Olson,(203) 846-3600,,EXEMPT; Registry 11889,0,10,0,10,Norwalk LGP,Carol Carrozelli | carrozellic@norwalkps.org | 203-854-4114,"Contact the program directly for current openings, schedule, eligibility, and family cost.",Connecticut Office of Early Childhood Early Start CT FY26 map,2026-08-25,Official state-funded provider record. Funded-space counts are not the same as current openings.
Norwalk BOE at Early Childhood Center - Odyssey,Provider,Early Start CT funded child care,Public School,Norwalk,06851,"11 Allen Road, Norwalk, CT, 06851",Preschool,Jonathan Gibson,N/A,,EXEMPT; Registry 13198,0,18,0,18,Norwalk LGP,Carol Carrozelli | carrozellic@norwalkps.org | 203-854-4114,"Contact the program directly for current openings, schedule, eligibility, and family cost.",Connecticut Office of Early Childhood Early Start CT FY26 map,2026-08-25,Official state-funded provider record. Funded-space counts are not the same as current openings.
Norwalk BOE at Early Childhood Center-Elli,Provider,Early Start CT funded child care,Public School,Norwalk,06851,"11 Allen Road, Norwalk, CT, 06851",Preschool,Cristina G Matos,(203) 808-1857,,EXEMPT; Registry 13197,0,58,0,58,Norwalk LGP,Carol Carrozelli | carrozellic@norwalkps.org | 203-854-4114,"Contact the program directly for current openings, schedule, eligibility, and family cost.",Connecticut Office of Early Childhood Early Start CT FY26 map,2026-08-25,Official state-funded provider record. Funded-space counts are not the same as current openings.
Norwalk BOE at South Norwalk Elementary,Provider,Early Start CT funded child care,Public School,Norwalk,06854,"1 Meadow Street Extension, Norwalk, CT, 06854",Preschool,Christopher Olson,N/A,,EXEMPT; Registry SoNo,0,10,0,10,Norwalk LGP,Carol Carrozelli | carrozellic@norwalkps.org | 203-854-4114,"Contact the program directly for current openings, schedule, eligibility, and family cost.",Connecticut Office of Early Childhood Early Start CT FY26 map,2026-08-25,Official state-funded provider record. Funded-space counts are not the same as current openings.
Norwalk Comm Child Development Laboratory School,Provider,Early Start CT funded child care,Child Care Center,Norwalk,06854,"188 Richards Ave, Norwalk, CT, 06854",Preschool,Camille Charles,(203) 857-3348,,DCCC.13850; Registry 1521,0,20,0,20,Norwalk LGP,Carol Carrozelli | carrozellic@norwalkps.org | 203-854-4114,"Contact the program directly for current openings, schedule, eligibility, and family cost.",Connecticut Office of Early Childhood Early Start CT FY26 map,2026-08-25,Official state-funded provider record. Funded-space counts are not the same as current openings.
Odyssey Learning Inc.,Provider,Early Start CT funded child care,Child Care Center,Norwalk,06854,"11 Ingalls Ave, Norwalk, CT, 06854",Infant/Toddler; Preschool,Gayon Mills-Austin,(475) 215-6100,,DCCC.70363; Registry 7731,68,155,0,223,Norwalk LGP,Carol Carrozelli | carrozellic@norwalkps.org | 203-854-4114,"Contact the program directly for current openings, schedule, eligibility, and family cost.",Connecticut Office of Early Childhood Early Start CT FY26 map,2026-08-25,Official state-funded provider record. Funded-space counts are not the same as current openings.
Room to Grow-Norwalk (Catholic Charities),Provider,Early Start CT funded child care,Child Care Center,Norwalk,06855,"208 East Ave, Norwalk, CT, 06855",Preschool,Nancy Owens,(203) 831-8200,,DCCC.14366; Registry 282,0,129,0,129,Norwalk LGP,Carol Carrozelli | carrozellic@norwalkps.org | 203-854-4114,"Contact the program directly for current openings, schedule, eligibility, and family cost.",Connecticut Office of Early Childhood Early Start CT FY26 map,2026-08-25,Official state-funded provider record. Funded-space counts are not the same as current openings.
Stepping Stones Early Learning Lab School,Provider,Early Start CT funded child care,Child Care Center,Norwalk,06850,"303 West Ave, Norwalk, CT, 06850",Infant/Toddler; Preschool,Cristina Matos,(203) 808-1857,,DCCC.70093; Registry 6394,5,15,0,20,Norwalk LGP,Carol Carrozelli | carrozellic@norwalkps.org | 203-854-4114,"Contact the program directly for current openings, schedule, eligibility, and family cost.",Connecticut Office of Early Childhood Early Start CT FY26 map,2026-08-25,Official state-funded provider record. Funded-space counts are not the same as current openings.
The Children's Playhouse,Provider,Early Start CT funded child care,Child Care Center,Norwalk,06854,"112 Bouton St, Norwalk, CT, 06854",Preschool,Rovitta Paul,(203) 855-9440,,DCCC.13225; Registry 1474,0,35,0,35,Norwalk LGP,Carol Carrozelli | carrozellic@norwalkps.org | 203-854-4114,"Contact the program directly for current openings, schedule, eligibility, and family cost.",Connecticut Office of Early Childhood Early Start CT FY26 map,2026-08-25,Official state-funded provider record. Funded-space counts are not the same as current openings.
The Children's Playhouse Too,Provider,Early Start CT funded child care,Child Care Center,Norwalk,06854,"31 West Ave, Norwalk, CT, 06854",Preschool,Rovitta Paul,(203) 855-9440,,DCCC.16515; Registry 3240,0,31,0,31,Norwalk LGP,Carol Carrozelli | carrozellic@norwalkps.org | 203-854-4114,"Contact the program directly for current openings, schedule, eligibility, and family cost.",Connecticut Office of Early Childhood Early Start CT FY26 map,2026-08-25,Official state-funded provider record. Funded-space counts are not the same as current openings.
Mayflower Montessori School,Provider,Early Start CT funded child care,Child Care Center,Norwich,06360,"1 Thames River Place, Norwich, CT, 06360",Preschool,Rebecca Matthews,(860) 889-0883,,DCCC.16828; Registry 6583,0,19,0,19,Southeast CT LGP,Linda Allen | lallen@learn.k12.ct.us | 860-434-4800,"Contact the program directly for current openings, schedule, eligibility, and family cost.",Connecticut Office of Early Childhood Early Start CT FY26 map,2026-08-25,Official state-funded provider record. Funded-space counts are not the same as current openings.
Norwich BOE at Huntington School Preschool,Provider,Early Start CT funded child care,Public School,Norwich,06360,"80 Town Street, Norwich, CT, 06360",Preschool,Cori Beckwith,(860) 892-4342,,EXEMPT; Registry 11954,0,125,0,125,Southeast CT LGP,Linda Allen | lallen@learn.k12.ct.us | 860-434-4800,"Contact the program directly for current openings, schedule, eligibility, and family cost.",Connecticut Office of Early Childhood Early Start CT FY26 map,2026-08-25,Official state-funded provider record. Funded-space counts are not the same as current openings.
Norwich BOE at Mahan School Preschool,Provider,Early Start CT funded child care,Public School,Norwich,06360,"94 Salem Tnpk, Norwich, CT, 06360",Preschool,William Holohan,(860) 892-4342,,EXEMPT; Registry 9525,0,48,0,48,Southeast CT LGP,Linda Allen | lallen@learn.k12.ct.us | 860-434-4800,"Contact the program directly for current openings, schedule, eligibility, and family cost.",Connecticut Office of Early Childhood Early Start CT FY26 map,2026-08-25,Official state-funded provider record. Funded-space counts are not the same as current openings.
Norwich BOE at Moriarty School Preschool,Provider,Early Start CT funded child care,Public School,Norwich,06360,"20 Lawler Lane, Norwich, CT, 06360",Preschool,Ashley Favello,(860) 892-4342,,EXEMPT; Registry 11955,0,62,0,62,Southeast CT LGP,Linda Allen | lallen@learn.k12.ct.us | 860-434-4800,"Contact the program directly for current openings, schedule, eligibility, and family cost.",Connecticut Office of Early Childhood Early Start CT FY26 map,2026-08-25,Official state-funded provider record. Funded-space counts are not the same as current openings.
Norwich BOE at Uncas Elementary School,Provider,Early Start CT funded child care,Public School,Norwich,06360,"280 Elizabeth St Ext, Norwich, CT, 06360",Preschool,Cori Beckwith,(860) 892-4342,,Exempt; Registry 12191,0,13,0,13,Southeast CT LGP,Linda Allen | lallen@learn.k12.ct.us | 860-434-4800,"Contact the program directly for current openings, schedule, eligibility, and family cost.",Connecticut Office of Early Childhood Early Start CT FY26 map,2026-08-25,Official state-funded provider record. Funded-space counts are not the same as current openings.
Norwich BOE at Veteran's School Preschool,Provider,Early Start CT funded child care,Public School,Norwich,06360,"88 Crouch St, Norwich, CT, 06360",Preschool,Nick Federici,(860) 892-4342,,EXEMPT; Registry 9526,0,55,0,55,Southeast CT LGP,Linda Allen | lallen@learn.k12.ct.us | 860-434-4800,"Contact the program directly for current openings, schedule, eligibility, and family cost.",Connecticut Office of Early Childhood Early Start CT FY26 map,2026-08-25,Official state-funded provider record. Funded-space counts are not the same as current openings.
The Global Child,Provider,Early Start CT funded child care,Child Care Center,Norwich,06360,"55 Otrobando Ave, Norwich, CT, 06360",Infant/Toddler; Preschool,Courtney Butkus,(860) 889-3528,,DCCC.70276; Registry 7514,8,30,0,38,Southeast CT LGP,Linda Allen | lallen@learn.k12.ct.us | 860-434-4800,"Contact the program directly for current openings, schedule, eligibility, and family cost.",Connecticut Office of Early Childhood Early Start CT FY26 map,2026-08-25,Official state-funded provider record. Funded-space counts are not the same as current openings.
TVCCA Little Learners/Head Start- Taftville,Provider,Early Start CT funded child care,Child Care Center,Norwich,06380,"380 Taftville-Occum Rd, Norwich, CT, 06380",Infant/Toddler; Preschool,Debbi Poirier,(860) 425-6566,,DCCC.15821; Registry 1188,26,109,0,135,Southeast CT LGP,Linda Allen | lallen@learn.k12.ct.us | 860-434-4800,"Contact the program directly for current openings, schedule, eligibility, and family cost.",Connecticut Office of Early Childhood Early Start CT FY26 map,2026-08-25,Official state-funded provider record. Funded-space counts are not the same as current openings.
Plainfield Boe At Shepard Hill Elementary School,Provider,Early Start CT funded child care,Public School,Plainfield,06374,"234 Shepard Hill Road, Plainfield, CT, 06374",Preschool,Charlene Brodeur,(860) 334-6869,,EXEMPT; Registry 6156,0,107,0,107,Northeast Early Childhood Council (NECC),Kristine Cicchetti | mrscicch95@sbcglobal.net | 860-431-0830,"Contact the program directly for current openings, schedule, eligibility, and family cost.",Connecticut Office of Early Childhood Early Start CT FY26 map,2026-08-25,Official state-funded provider record. Funded-space counts are not the same as current openings.
Ninoska Santos De Acosta Family Child Care Home ( Play and Learn Home Day Care),Provider,Early Start CT funded child care,Family Home,Plainville,06114,"17 Meriline Avenue, Plainville, CT, 06114",Infant/Toddler,Arunan Arulampalam,(860) 757-9595,,DCFH.57488; Registry 9490,5,0,0,5,Plainville LGP,Vicki Trzcinski | trzcinskiv@plainvilleschools.org | 860-793-3214,"Contact the program directly for current openings, schedule, eligibility, and family cost.",Connecticut Office of Early Childhood Early Start CT FY26 map,2026-08-25,Official state-funded provider record. Funded-space counts are not the same as current openings.
Plainville Boe At Wheeler School,Provider,Early Start CT funded child care,Public School,Plainville,06062,"15 Cleveland Memorial Blvd, Plainville, CT, 06062",Preschool,Lisa Mullin,(860) 793-3214,,EXEMPT; Registry 7738,0,3,0,3,Plainville LGP,Vicki Trzcinski | trzcinskiv@plainvilleschools.org | 860-793-3214,"Contact the program directly for current openings, schedule, eligibility, and family cost.",Connecticut Office of Early Childhood Early Start CT FY26 map,2026-08-25,Official state-funded provider record. Funded-space counts are not the same as current openings.
Plainville Early Learning Center,Provider,Early Start CT funded child care,Child Care Center,Plainville,06062,"130 W Main St, Plainville, CT, 06062",Infant/Toddler; Preschool; School age,Danielle Fusco,(860) 747-3321,,DCCC.70191; Registry 7201,11,38,9,58,Plainville LGP,Vicki Trzcinski | trzcinskiv@plainvilleschools.org | 860-793-3214,"Contact the program directly for current openings, schedule, eligibility, and family cost.",Connecticut Office of Early Childhood Early Start CT FY26 map,2026-08-25,Official state-funded provider record. Funded-space counts are not the same as current openings.
Plymouth Frc Preschool,Provider,Early Start CT funded child care,Public School,Plymouth,06786,"77 Main St, Plymouth, CT, 06786",Preschool,Heather Stampp,(860) 516-7002,,EXEMPT; Registry 1636,0,11,0,11,Thomaston/Plymouth LGP,Michelle Anderson | andersonm@edadvance.org | 860-567-0863 ext 1177,"Contact the program directly for current openings, schedule, eligibility, and family cost.",Connecticut Office of Early Childhood Early Start CT FY26 map,2026-08-25,Official state-funded provider record. Funded-space counts are not the same as current openings.
Terryville-Plymouth Day Care- The Learning Center,Provider,Early Start CT funded child care,Child Care Center,Plymouth,06786,"9 N Riverside Ave, Plymouth, CT, 06786",Infant/Toddler; Preschool; School age,Rebecca Joyce,(860) 583-0143,,DCCC.15548; Registry 1463,6,18,5,29,Thomaston/Plymouth LGP,Michelle Anderson | andersonm@edadvance.org | 860-567-0863 ext 1177,"Contact the program directly for current openings, schedule, eligibility, and family cost.",Connecticut Office of Early Childhood Early Start CT FY26 map,2026-08-25,Official state-funded provider record. Funded-space counts are not the same as current openings.
Putnam School Readiness Child Care Program,Provider,Early Start CT funded child care,Child Care Center,Putnam,06260,"33 Wicker St, Putnam, CT, 06260",Preschool,Patricia Bryant,(860) 963-6940,,DCCC.15349; Registry 1633,0,90,0,90,Northeast Early Childhood Council (NECC),Kristine Cicchetti | mrscicch95@sbcglobal.net | 860-431-0830,"Contact the program directly for current openings, schedule, eligibility, and family cost.",Connecticut Office of Early Childhood Early Start CT FY26 map,2026-08-25,Official state-funded provider record. Funded-space counts are not the same as current openings.
Scotland Boe At Scotland Elementary School,Provider,Early Start CT funded child care,Public School,Scotland,06264,"68 Brook Rd, Scotland, CT, 06264",Preschool,Ann Knowles,(860) 423-0064,,EXEMPT; Registry 1677,0,18,0,18,Eastern CT LGP,Maggie Francis-Gietzen | mfrancisgietzen@ec.eastconn.org | 860-455-1532,"Contact the program directly for current openings, schedule, eligibility, and family cost.",Connecticut Office of Early Childhood Early Start CT FY26 map,2026-08-25,Official state-funded provider record. Funded-space counts are not the same as current openings.
Kid's Club Learning Center - Derby,Provider,Early Start CT funded child care,Child Care Center,Seymour,06483,"91 Church St, Seymour, CT, 06483",Preschool,Elizabeth Heon,(203) 888-1547,,DCCC.70326; Registry 7777,0,18,0,18,Valley Early Childhood Regional Council,Alyson Stanici | astanisci@ansonia.org | 203-736-5080 ext. 5143,"Contact the program directly for current openings, schedule, eligibility, and family cost.",Connecticut Office of Early Childhood Early Start CT FY26 map,2026-08-25,Official state-funded provider record. Funded-space counts are not the same as current openings.
Shelton Boe At Long Hill School,Provider,Early Start CT funded child care,Public School,Shelton,06484,"565 Long Hill Ave, Shelton, CT, 06484",Preschool,Rebecca Verdicchio,(203) 929-4077,,EXEMPT; Registry 9783,0,35,0,35,Valley Early Childhood Regional Council,Alyson Stanici | astanisci@ansonia.org | 203-736-5080 ext. 5143,"Contact the program directly for current openings, schedule, eligibility, and family cost.",Connecticut Office of Early Childhood Early Start CT FY26 map,2026-08-25,Official state-funded provider record. Funded-space counts are not the same as current openings.
Shelton Boe At Mohegan School,Provider,Early Start CT funded child care,Public School,Shelton,06484,"47 Mohegan Rd, Shelton, CT, 06484",Preschool,Rebecca Verdicchio,(203) 929-4077,,EXEMPT; Registry 9538,0,31,0,31,Valley Early Childhood Regional Council,Alyson Stanici | astanisci@ansonia.org | 203-736-5080 ext. 5143,"Contact the program directly for current openings, schedule, eligibility, and family cost.",Connecticut Office of Early Childhood Early Start CT FY26 map,2026-08-25,Official state-funded provider record. Funded-space counts are not the same as current openings.
Team Shelton School Readiness-Grove St,Provider,Early Start CT funded child care,Child Care Center,Shelton,06484,"54 Grove St, Shelton, CT, 06484",Preschool,Jamie Peterson,(203) 734-8609,,DCCC.16503; Registry 7495,0,15,0,15,Valley Early Childhood Regional Council,Alyson Stanici | astanisci@ansonia.org | 203-736-5080 ext. 5143,"Contact the program directly for current openings, schedule, eligibility, and family cost.",Connecticut Office of Early Childhood Early Start CT FY26 map,2026-08-25,Official state-funded provider record. Funded-space counts are not the same as current openings.
Margaret C. Griffin Child Development Center,Provider,Early Start CT funded child care,Child Care Center,Southington,06489,"240 Main St, Southington, CT, 06489",Preschool,Emily Napp,(860) 621-5885,,DCCC.12456; Registry 441,0,45,0,45,Early Childhood Collaborative of Southington,Joanne C. Kelleher | southingtonearlychildhood@gmail.com | 860-385-1665,"Contact the program directly for current openings, schedule, eligibility, and family cost.",Connecticut Office of Early Childhood Early Start CT FY26 map,2026-08-25,Official state-funded provider record. Funded-space counts are not the same as current openings.
Sprague Boe At Sayles School,Provider,Early Start CT funded child care,Public School,Sprague,06330,"25 Scotland Rd, Sprague, CT, 06330",Preschool,Jill Shamback,(860) 822-8264,,EXEMPT; Registry 7447,0,20,0,20,Eastern CT LGP,Maggie Francis-Gietzen | mfrancisgietzen@ec.eastconn.org | 860-455-1532,"Contact the program directly for current openings, schedule, eligibility, and family cost.",Connecticut Office of Early Childhood Early Start CT FY26 map,2026-08-25,Official state-funded provider record. Funded-space counts are not the same as current openings.
Stafford Springs BOE at West Stafford School,Provider,Early Start CT funded child care,Public School,Stafford,06076,"153 West Stafford Rd, Stafford, CT, 06076",Preschool,Anna Guerriero-Gagnon,(860) 684-3181,,EXEMPT; Registry 1729,0,50,0,50,Stafford LGP,Sandra Fowler | sjfowler1123@gmail.com | missing,"Contact the program directly for current openings, schedule, eligibility, and family cost.",Connecticut Office of Early Childhood Early Start CT FY26 map,2026-08-25,Official state-funded provider record. Funded-space counts are not the same as current openings.
CLC Lathon Wider,Provider,Early Start CT funded child care,Child Care Center,Stamford,06902,"137 Henry St, Stamford, CT, 06902",,Penny Lehman,(203) 323-5944,,DCCC.70205; Registry 7209,0,0,0,0,Stamford LGP,D'Naysha Brown | dbrown@stamfordct.gov | 203-977-4589,"Contact the program directly for current openings, schedule, eligibility, and family cost.",Connecticut Office of Early Childhood Early Start CT FY26 map,2026-08-25,Official state-funded provider record. Funded-space counts are not the same as current openings.
CLC Maple Ave,Provider,Early Start CT funded child care,Child Care Center,Stamford,06902,"90 Maple Ave, Stamford, CT, 06902",Preschool,Penny Lehman,(203) 323-5944,,DCCC.16698; Registry 2028,0,115,0,115,Stamford LGP,D'Naysha Brown | dbrown@stamfordct.gov | 203-977-4589,"Contact the program directly for current openings, schedule, eligibility, and family cost.",Connecticut Office of Early Childhood Early Start CT FY26 map,2026-08-25,Official state-funded provider record. Funded-space counts are not the same as current openings.
CLC Palmers Hill,Provider,Early Start CT funded child care,Child Care Center,Stamford,06902,"64 Palmers Hill Rd, Stamford, CT, 06902",Preschool,Penny Lehman,(203) 323-5944,,DCCC.12315; Registry 1558,0,162,0,162,Stamford LGP,D'Naysha Brown | dbrown@stamfordct.gov | 203-977-4589,"Contact the program directly for current openings, schedule, eligibility, and family cost.",Connecticut Office of Early Childhood Early Start CT FY26 map,2026-08-25,Official state-funded provider record. Funded-space counts are not the same as current openings.
CLC Westover,Provider,Early Start CT funded child care,Child Care Center,Stamford,06902,"412 Stillwater Ave, Stamford, CT, 06902",Preschool,Penny Lehman,(203) 323-5944,,DCCC.15329; Registry 1568,0,20,0,20,Stamford LGP,D'Naysha Brown | dbrown@stamfordct.gov | 203-977-4589,"Contact the program directly for current openings, schedule, eligibility, and family cost.",Connecticut Office of Early Childhood Early Start CT FY26 map,2026-08-25,Official state-funded provider record. Funded-space counts are not the same as current openings.
CLC William Pitt,Provider,Early Start CT funded child care,Child Care Center,Stamford,06902,"195 Hillandale Ave, Stamford, CT, 06902",Preschool,Penny Lehman,(203) 323-5944,,DCCC.15346; Registry 1570,0,320,0,320,Stamford LGP,D'Naysha Brown | dbrown@stamfordct.gov | 203-977-4589,"Contact the program directly for current openings, schedule, eligibility, and family cost.",Connecticut Office of Early Childhood Early Start CT FY26 map,2026-08-25,Official state-funded provider record. Funded-space counts are not the same as current openings.
Stamford Boe At Lockwood,Provider,Early Start CT funded child care,Public School,Stamford,06092,"83 Lockwood Ave, Stamford, CT, 06092",Preschool,Kendra Brown,(203) 977-4954,,EXEMPT; Registry 11952,0,52,0,52,Stamford LGP,D'Naysha Brown | dbrown@stamfordct.gov | 203-977-4589,"Contact the program directly for current openings, schedule, eligibility, and family cost.",Connecticut Office of Early Childhood Early Start CT FY26 map,2026-08-25,Official state-funded provider record. Funded-space counts are not the same as current openings.
Stamford Boe At Rippowam,Provider,Early Start CT funded child care,Public School,Stamford,06905,"381 High Ridge Rd, Stamford, CT, 06905",Preschool,Kendra Brown,(203) 977-4954,,EXEMPT; Registry 6431,0,16,0,16,Stamford LGP,D'Naysha Brown | dbrown@stamfordct.gov | 203-977-4589,"Contact the program directly for current openings, schedule, eligibility, and family cost.",Connecticut Office of Early Childhood Early Start CT FY26 map,2026-08-25,Official state-funded provider record. Funded-space counts are not the same as current openings.
211 Child Care,Statewide resource,Child care search and referral,,Statewide,,,Birth through school age,,2-1-1 or 1-800-505-1000,https://resources.211childcare.org/,,,,,,,,"Free help finding licensed child care, family child care, before- and after-school programs, camps, Head Start, public pre-K, and other options.",https://resources.211childcare.org/,2026-08-25,Official or established statewide referral source. Check the linked page for current rules and details.
211 Child Care Provider Search,Statewide resource,Online provider directory,,Statewide,,,Birth through school age,,2-1-1 or 1-800-505-1000,https://search.211childcare.org/,,,,,,,,"Search programs by location and review program details. Call to confirm openings, cost, and schedule.",https://search.211childcare.org/,2026-08-25,Official or established statewide referral source. Check the linked page for current rules and details.
Care 4 Kids,Statewide resource,Help paying for child care,,Statewide,,,Eligible Connecticut families,,1-888-214-KIDS (5437),https://www.ctcare4kids.com/,,,,,,,,Connecticut's child care subsidy program. Eligibility and payment amounts depend on family circumstances.,https://www.ctcare4kids.com/,2026-08-25,Official or established statewide referral source. Check the linked page for current rules and details.
Child Care Aware of America: Connecticut Resources,Statewide resource,Child care links and family support,,Statewide,,,Families seeking child care,,Use the contacts listed on the page,https://www.childcareaware.org/state/connecticut-6/,,,,,,,,"Connecticut links for child care search, licensing, help paying, Head Start, health coverage, and services for children with disabilities.",https://www.childcareaware.org/state/connecticut-6/,2026-08-25,Official or established statewide referral source. Check the linked page for current rules and details.
Connecticut Birth to Three System,Statewide resource,Early intervention,,Statewide,,,Children under age 3 with developmental concerns,,1-800-505-7000,https://www.birth23.org/,,,,,,,,"Evaluation, service coordination, and early-intervention support for eligible infants and toddlers and their families.",https://www.birth23.org/,2026-08-25,Official or established statewide referral source. Check the linked page for current rules and details.
Connecticut eLicense Child Care Roster,Statewide resource,Official licensing roster,,Statewide,,,Licensed child care and youth camp programs,,oec.licensing@ct.gov,https://www.elicense.ct.gov/Lookup/DownloadRoster.aspx,,,,,,,,Create and download a current roster of open or recently closed licensed programs. Use the roster to check license status.,https://www.elicense.ct.gov/Lookup/DownloadRoster.aspx,2026-08-25,Official or established statewide referral source. Check the linked page for current rules and details.
Connecticut Head Start Association Program Finder,Statewide resource,Free early learning and family support,,Statewide,,,Pregnant families and children from birth to age 5,,ConnecticutHSA@gmail.com,https://ctheadstart.org/find-a-program/,,,,,,,,Find Head Start and Early Head Start programs. Eligibility rules apply.,https://ctheadstart.org/find-a-program/,2026-08-25,Official or established statewide referral source. Check the linked page for current rules and details.
Connecticut Office of Early Childhood: Find Child Care and Camps,Statewide resource,State guidance and provider search,,Statewide,,,Birth through school age,,860-500-4450 or 800-282-6063,https://www.ctoec.org/child-care-and-camps/,,,,,,,,"Official guidance on finding care, checking licensing information, and getting help with child care costs.",https://www.ctoec.org/child-care-and-camps/,2026-08-25,Official or established statewide referral source. Check the linked page for current rules and details.
Connecticut WIC Local Agencies,Statewide resource,Nutrition and family support,,Statewide,,,"Pregnant and postpartum people, infants, and children under age 5",,Call the nearest local agency,https://portal.ct.gov/DPH/WIC/Find-a-Local-Agency,,,,,,,,"Find local WIC offices for food benefits, nutrition education, breastfeeding support, and referrals.",https://portal.ct.gov/DPH/WIC/Find-a-Local-Agency,2026-08-25,Official or established statewide referral source. Check the linked page for current rules and details.
Early Start CT,Statewide resource,State-funded early care and education,,Statewide,,,"Infants, toddlers, preschool, and some school-age children",,Contact the listed local program,https://www.ctoec.org/early-start-ct/,,,,,,,,State-funded spaces for eligible families. The provider rows in this file come from the FY26 Early Start CT map.,https://www.ctoec.org/early-start-ct/,2026-08-25,Official or established statewide referral source. Check the linked page for current rules and details.
Federal Head Start Center Locator,Statewide resource,Head Start and Early Head Start locator,,Statewide,,,Pregnant families and children from birth to age 5,,Contact the listed program,https://headstart.gov/center-locator,,,,,,,,Search by address or ZIP code for nearby Head Start and Early Head Start centers.,https://headstart.gov/center-locator,2026-08-25,Official or established statewide referral source. Check the linked page for current rules and details.
Help Me Grow Connecticut,Statewide resource,Child development and family support,,Statewide,,,Pregnant families and children through age 8,,1-800-505-7000,https://www.ctoec.org/help-me-grow/,,,,,,,,"Connects families with developmental screening, community programs, and support.",https://www.ctoec.org/help-me-grow/,2026-08-25,Official or established statewide referral source. Check the linked page for current rules and details.
HUSKY Health Connecticut,Statewide resource,Health coverage,,Statewide,,,"Eligible children, parents, caregivers, and pregnant people",,1-800-859-9889,https://www.huskyhealthct.org/,,,,,,,,Connecticut Medicaid and Children's Health Insurance Program information and member support.,https://www.huskyhealthct.org/,2026-08-25,Official or established statewide referral source. Check the linked page for current rules and details.
Gianna Piccione Family Child Care Home,Provider,Early Start CT funded child care,Family Home,Sterling,06377,"328 Gibson hill rd, Sterling, CT, 06377",Infant/Toddler; Preschool; School age,Gianna Piccione,(401) 269-6255,,DCFH.57337; Registry 8966,5,3,1,9,Northeast Early Childhood Council (NECC),Kristine Cicchetti | mrscicch95@sbcglobal.net | 860-431-0830,"Contact the program directly for current openings, schedule, eligibility, and family cost.",Connecticut Office of Early Childhood Early Start CT FY26 map,2026-08-25,Official state-funded provider record. Funded-space counts are not the same as current openings.
Sterling Boe At Sterling Community Preschool,Provider,Early Start CT funded child care,Public School,Sterling,06377,"251 Sterling Rd, Sterling, CT, 06377",Preschool,Heather Nickerson,(860) 564-2728,,EXEMPT; Registry 6260,0,29,0,29,Northeast Early Childhood Council (NECC),Kristine Cicchetti | mrscicch95@sbcglobal.net | 860-431-0830,"Contact the program directly for current openings, schedule, eligibility, and family cost.",Connecticut Office of Early Childhood Early Start CT FY26 map,2026-08-25,Official state-funded provider record. Funded-space counts are not the same as current openings.
Alliance for Comm Empowerment@ Holy Name of Jesus CCC,Provider,Early Start CT funded child care,Child Care Center,Stratford,06614,"3 Mary Ave, Stratford, CT, 06614",Infant/Toddler; Preschool,Monette Ferguson,(203) 366-8241,,DCCC.16064; Registry 1421,58,45,0,103,Stratford LGP,Suzanne Porco Clements | clements@cestrumbull.org | 203-365-8213,"Contact the program directly for current openings, schedule, eligibility, and family cost.",Connecticut Office of Early Childhood Early Start CT FY26 map,2026-08-25,Official state-funded provider record. Funded-space counts are not the same as current openings.
Honey Bear Learning Center,Provider,Early Start CT funded child care,Child Care Center,Stratford,06614,"1498 North Ave, Stratford, CT, 06614",Infant/Toddler; Preschool,Catherine Vanicky,(203) 375-1866,,DCCC.13395; Registry 169,12,30,0,42,Stratford LGP,Suzanne Porco Clements | clements@cestrumbull.org | 203-365-8213,"Contact the program directly for current openings, schedule, eligibility, and family cost.",Connecticut Office of Early Childhood Early Start CT FY26 map,2026-08-25,Official state-funded provider record. Funded-space counts are not the same as current openings.
Lindsey's House Early Learning Center,Provider,Early Start CT funded child care,Child Care Center,Stratford,06614,"287 Kenyon St, Stratford, CT, 06614",Infant/Toddler; Preschool; School age,Stalita Rembert-Newby,(203) 873-0088,,DCCC.70344; Registry 7812,8,19,8,35,Stratford LGP,Suzanne Porco Clements | clements@cestrumbull.org | 203-365-8213,"Contact the program directly for current openings, schedule, eligibility, and family cost.",Connecticut Office of Early Childhood Early Start CT FY26 map,2026-08-25,Official state-funded provider record. Funded-space counts are not the same as current openings.
Stratford BOE At Stratford Academy Victoria Soto School,Provider,Early Start CT funded child care,Public School,Stratford,06615,"719 Birdseye St, Stratford, CT, 06615",Preschool,Kathy Kirkland,(203) 375-2206,,DCEX.80616; Registry 2031,0,124,0,124,Stratford LGP,Suzanne Porco Clements | clements@cestrumbull.org | 203-365-8213,"Contact the program directly for current openings, schedule, eligibility, and family cost.",Connecticut Office of Early Childhood Early Start CT FY26 map,2026-08-25,Official state-funded provider record. Funded-space counts are not the same as current openings.
Play And Learn Child Development Center,Provider,Early Start CT funded child care,Child Care Center,Thomaston,06787,"30 North Main St, Thomaston, CT, 06787",Infant/Toddler; Preschool,Katie Bike,(860) 283-0791,,DCCC.70816; Registry 12368,8,19,0,27,Thomaston/Plymouth LGP,Michelle Anderson | andersonm@edadvance.org | 860-567-0863 ext 1177,"Contact the program directly for current openings, schedule, eligibility, and family cost.",Connecticut Office of Early Childhood Early Start CT FY26 map,2026-08-25,Official state-funded provider record. Funded-space counts are not the same as current openings.
Thomaston Boe At Little Bears University at Black Rock School,Provider,Early Start CT funded child care,Public School,Thomaston,06787,"57 Branch Rd, Thomaston, CT, 06787",Preschool,Andrea Peters,(860) 283-3050,,EXEMPT; Registry 1808,0,7,0,7,Thomaston/Plymouth LGP,Michelle Anderson | andersonm@edadvance.org | 860-567-0863 ext 1177,"Contact the program directly for current openings, schedule, eligibility, and family cost.",Connecticut Office of Early Childhood Early Start CT FY26 map,2026-08-25,Official state-funded provider record. Funded-space counts are not the same as current openings.
Thompson Boe At Mary R. Fisher Elementary School,Provider,Early Start CT funded child care,Public School,Thompson,06255,"785 Riverside Dr, Thompson, CT, 06255",Preschool,Laurence Prentiss,(860) 923-9142,,EXEMPT; Registry 1505,0,17,0,17,Northeast Early Childhood Council (NECC),Kristine Cicchetti | mrscicch95@sbcglobal.net | 860-431-0830,"Contact the program directly for current openings, schedule, eligibility, and family cost.",Connecticut Office of Early Childhood Early Start CT FY26 map,2026-08-25,Official state-funded provider record. Funded-space counts are not the same as current openings.
Hilltop Christian Early Learning Center,Provider,Early Start CT funded child care,Child Care Center,Torrington,06790,"837 Charles St, Torrington, CT, 06790",Preschool,Barbara J. Mazzei,(860) 482-3727,,DCCC.12517; Registry 2253,0,14,0,14,Northwest CT LGP,Michelle Anderson | andersonm@edadvance.org | 860-567-0863 ext 1177,"Contact the program directly for current openings, schedule, eligibility, and family cost.",Connecticut Office of Early Childhood Early Start CT FY26 map,2026-08-25,Official state-funded provider record. Funded-space counts are not the same as current openings.
Torrington Child Care Center,Provider,Early Start CT funded child care,Child Care Center,Torrington,06790,"338 Kennedy Dr, Torrington, CT, 06790",Preschool,Mary Cecchinato,(860) 482-2621,,DCCC.14163; Registry 744,0,43,0,43,Northwest CT LGP,Michelle Anderson | andersonm@edadvance.org | 860-567-0863 ext 1177,"Contact the program directly for current openings, schedule, eligibility, and family cost.",Connecticut Office of Early Childhood Early Start CT FY26 map,2026-08-25,Official state-funded provider record. Funded-space counts are not the same as current openings.
Torrington Head Start,Provider,Early Start CT funded child care,Public School,Torrington,06790,"28 Saint John Place, Torrington, CT, 06790",Preschool,Paula Romanelli,(860) 482-5286,,DCEX.80738; Registry 1822,0,31,0,31,Northwest CT LGP,Michelle Anderson | andersonm@edadvance.org | 860-567-0863 ext 1177,"Contact the program directly for current openings, schedule, eligibility, and family cost.",Connecticut Office of Early Childhood Early Start CT FY26 map,2026-08-25,Official state-funded provider record. Funded-space counts are not the same as current openings.
Alliance for Comm Empowerment@ Middlebrooks School,Provider,Early Start CT funded child care,Child Care Center,Trumbull,06611,"240 Middlebrooks Ave, Trumbull, CT, 06611",Preschool,Dr. Monette Ferguson,(203) 366-8241,,DCCC.16248; Registry 108,0,15,0,15,NA,NA | NA | NA,"Contact the program directly for current openings, schedule, eligibility, and family cost.",Connecticut Office of Early Childhood Early Start CT FY26 map,2026-08-25,Official state-funded provider record. Funded-space counts are not the same as current openings.
Regional Center for Early Learning,Provider,Early Start CT funded child care,Public School,Trumbull,06611,"40 Lindeman Dr, Trumbull, CT, 06611",Preschool,Ivelisse Guzman,(203) 365-8996,,DCEX.80511; Registry 1571,0,110,0,110,NA,NA | NA | NA,"Contact the program directly for current openings, schedule, eligibility, and family cost.",Connecticut Office of Early Childhood Early Start CT FY26 map,2026-08-25,Official state-funded provider record. Funded-space counts are not the same as current openings.
Indian Valley Ymca Rockville Child Care Center,Provider,Early Start CT funded child care,Child Care Center,Vernon,06066,"23 Elm St, Vernon, CT, 06066",Infant/Toddler; Preschool,Jennifer Motta,(860) 896-0584,,DCCC.16791; Registry 2073,26,37,0,63,Vernon LGP,Anna Figueroa | afigueroa@vernon-ct.gov | 860-870-3555,"Contact the program directly for current openings, schedule, eligibility, and family cost.",Connecticut Office of Early Childhood Early Start CT FY26 map,2026-08-25,Official state-funded provider record. Funded-space counts are not the same as current openings.
Vernon Preschool Collaborative At Center Road School,Provider,Early Start CT funded child care,Public School,Vernon,06066,"20 Center Rd, Vernon, CT, 06066",Preschool,Shelley McCone,(860) 896-4663,,EXEMPT; Registry 7220,0,33,0,33,Vernon LGP,Anna Figueroa | afigueroa@vernon-ct.gov | 860-870-3555,"Contact the program directly for current openings, schedule, eligibility, and family cost.",Connecticut Office of Early Childhood Early Start CT FY26 map,2026-08-25,Official state-funded provider record. Funded-space counts are not the same as current openings.
Voluntown Boe At Voluntown Elementary School,Provider,Early Start CT funded child care,Public School,Voluntown,06384,"195 Main St, PO Box 129, Voluntown, CT, 06384",Preschool,Amy Suffoletto,(860) 376-2325,,EXEMPT; Registry 1838,0,30,0,30,Southeast CT LGP,Linda Allen | lallen@learn.k12.ct.us | 860-434-4800,"Contact the program directly for current openings, schedule, eligibility, and family cost.",Connecticut Office of Early Childhood Early Start CT FY26 map,2026-08-25,Official state-funded provider record. Funded-space counts are not the same as current openings.
Wallingford Community Day Care,Provider,Early Start CT funded child care,Child Care Center,Wallingford,06492,"80 Wharton Brook Dr, Wallingford, CT, 06492",Infant/Toddler; Preschool,Tamarah Smith,(203) 294-4176,,DCCC.14175; Registry 1464,20,34,0,54,Hamden's Partnership for Young Children,Kerry Oberg | koberg@uwgnh.org | 203-691-4208,"Contact the program directly for current openings, schedule, eligibility, and family cost.",Connecticut Office of Early Childhood Early Start CT FY26 map,2026-08-25,Official state-funded provider record. Funded-space counts are not the same as current openings.
Angelica Cervantes Family Child Care Home,Provider,Early Start CT funded child care,Family Home,Waterbury,06710,"22 Clinton St.  Waterbury CT. 06710, Waterbury, CT, 06710",Infant/Toddler; Preschool,Angelica Cervantes,(203) 558-8172,,DCFH.56734; Registry 7584,4,3,0,7,Waterbury Bridge to Success Partnership,Krista Pisano | krista.pisano@waterbury.k12.ct.us | 203-573-6684,"Contact the program directly for current openings, schedule, eligibility, and family cost.",Connecticut Office of Early Childhood Early Start CT FY26 map,2026-08-25,Official state-funded provider record. Funded-space counts are not the same as current openings.
Ark Child Development Center,Provider,Early Start CT funded child care,Child Care Center,Waterbury,06705,"2030 E Main St, Waterbury, CT, 06705",Preschool,Vatsala Kumar/ Rashmi Choudhary ,(203)591-8591,,DCCC.70834; Registry 1650,0,20,0,20,Waterbury Bridge to Success Partnership,Krista Pisano | krista.pisano@waterbury.k12.ct.us | 203-573-6684,"Contact the program directly for current openings, schedule, eligibility, and family cost.",Connecticut Office of Early Childhood Early Start CT FY26 map,2026-08-25,Official state-funded provider record. Funded-space counts are not the same as current openings.
Catholic Charities Child Development Center - South Main Street,Provider,Early Start CT funded child care,Child Care Center,Waterbury,06706,"965 South Main St, Waterbury, CT, 06706",Infant/Toddler; Preschool,Jessica Nieves,(203) 346-1301,,DCCC.16380; Registry 1671,15,40,0,55,Waterbury Bridge to Success Partnership,Krista Pisano | krista.pisano@waterbury.k12.ct.us | 203-573-6684,"Contact the program directly for current openings, schedule, eligibility, and family cost.",Connecticut Office of Early Childhood Early Start CT FY26 map,2026-08-25,Official state-funded provider record. Funded-space counts are not the same as current openings.
Children's Community School,Provider,Early Start CT funded child care,Public School,Waterbury,06708,"23 John St, Waterbury, CT, 06708",Preschool,Alison Croce,(203) 575-0659,,DCEX.80724; Registry 1714,0,36,0,36,Waterbury Bridge to Success Partnership,Krista Pisano | krista.pisano@waterbury.k12.ct.us | 203-573-6684,"Contact the program directly for current openings, schedule, eligibility, and family cost.",Connecticut Office of Early Childhood Early Start CT FY26 map,2026-08-25,Official state-funded provider record. Funded-space counts are not the same as current openings.
Children's Ctr Greater Waterbury Health Network,Provider,Early Start CT funded child care,Child Care Center,Waterbury,06708,"172 Grandview Ave, Waterbury, CT, 06708",Preschool,Gail Gatling-Ellison,(203) 707-4355,,DCCC.15747; Registry 1011,0,94,0,94,Waterbury Bridge to Success Partnership,Krista Pisano | krista.pisano@waterbury.k12.ct.us | 203-573-6684,"Contact the program directly for current openings, schedule, eligibility, and family cost.",Connecticut Office of Early Childhood Early Start CT FY26 map,2026-08-25,Official state-funded provider record. Funded-space counts are not the same as current openings.
Cristofany Nunez Garcia Family Child Care Home,Provider,Early Start CT funded child care,Family Home,Waterbury,06704,"22 Sumac Street, Waterbury, CT, 06704",Infant/Toddler; Preschool; School age,Cristofany Nunez Garcia,(203) 802-1454,,DCFH.57339; Registry 8963,2,4,3,9,Waterbury Bridge to Success Partnership,Krista Pisano | krista.pisano@waterbury.k12.ct.us | 203-573-6684,"Contact the program directly for current openings, schedule, eligibility, and family cost.",Connecticut Office of Early Childhood Early Start CT FY26 map,2026-08-25,Official state-funded provider record. Funded-space counts are not the same as current openings.
Easterseals Children's Academy East Campus,Provider,Early Start CT funded child care,Child Care Center,Waterbury,06705,"128 Avenue of Industry, Waterbury, CT, 06705",Preschool,Antoinette Cianciolo,(203) 707-4355,,DCCC.16451; Registry 1797,0,118,0,118,Waterbury Bridge to Success Partnership,Krista Pisano | krista.pisano@waterbury.k12.ct.us | 203-573-6684,"Contact the program directly for current openings, schedule, eligibility, and family cost.",Connecticut Office of Early Childhood Early Start CT FY26 map,2026-08-25,Official state-funded provider record. Funded-space counts are not the same as current openings.
Easterseals Children's Academy West Campus,Provider,Early Start CT funded child care,Child Care Center,Waterbury,06708,"22 Tompkins St, Waterbury, CT, 06708",Preschool,Amy Palmer,(203) 707-4355,,DCCC.12976; Registry 1796,0,60,0,60,Waterbury Bridge to Success Partnership,Krista Pisano | krista.pisano@waterbury.k12.ct.us | 203-573-6684,"Contact the program directly for current openings, schedule, eligibility, and family cost.",Connecticut Office of Early Childhood Early Start CT FY26 map,2026-08-25,Official state-funded provider record. Funded-space counts are not the same as current openings.
Elizabeth Dominguez De Cuello Family Child Care Home,Provider,Early Start CT funded child care,Family Home,Waterbury,06704,"123 Griggs St Waterbury, CT 06704, Waterbury, CT, 06704",Infant/Toddler,Elizabeth Cuello Dominguez,(929) 234-1245,,DCFH.57964; Registry 12078,2,0,0,2,Waterbury Bridge to Success Partnership,Krista Pisano | krista.pisano@waterbury.k12.ct.us | 203-573-6684,"Contact the program directly for current openings, schedule, eligibility, and family cost.",Connecticut Office of Early Childhood Early Start CT FY26 map,2026-08-25,Official state-funded provider record. Funded-space counts are not the same as current openings.
Felicia Guerrero Family Child Care Home,Provider,Early Start CT funded child care,Family Home,Waterbury,06702,"647 E main St., Waterbury, CT, 06702",Infant/Toddler; Preschool; School age,Feliciua Guerrero,(203) 886-7293,,DCFH.57039; Registry 8387,3,2,1,6,Waterbury Bridge to Success Partnership,Krista Pisano | krista.pisano@waterbury.k12.ct.us | 203-573-6684,"Contact the program directly for current openings, schedule, eligibility, and family cost.",Connecticut Office of Early Childhood Early Start CT FY26 map,2026-08-25,Official state-funded provider record. Funded-space counts are not the same as current openings.
Francisca A Hernández García Family Child Care Home,Provider,Early Start CT funded child care,Family Home,Waterbury,06704,"148 Bishop St Apt 1, Waterbury, CT, 06704",Infant/Toddler; Preschool,Francisca A Hernandez Garcia,(203) 694-1560,,DCFH.57504; Registry 9530,6,2,0,8,Waterbury Bridge to Success Partnership,Krista Pisano | krista.pisano@waterbury.k12.ct.us | 203-573-6684,"Contact the program directly for current openings, schedule, eligibility, and family cost.",Connecticut Office of Early Childhood Early Start CT FY26 map,2026-08-25,Official state-funded provider record. Funded-space counts are not the same as current openings.
Greater Waterbury Ymca At Rose Hill,Provider,Early Start CT funded child care,Child Care Center,Waterbury,06702,"63 Prospect St, Waterbury, CT, 06702",Infant/Toddler; Preschool,Kristen Jones,(203) 754-9622,,DCCC.70505; Registry 8832,24,20,0,44,Waterbury Bridge to Success Partnership,Krista Pisano | krista.pisano@waterbury.k12.ct.us | 203-573-6684,"Contact the program directly for current openings, schedule, eligibility, and family cost.",Connecticut Office of Early Childhood Early Start CT FY26 map,2026-08-25,Official state-funded provider record. Funded-space counts are not the same as current openings.
Greater Waterbury Ymca Child Development Center,Provider,Early Start CT funded child care,Child Care Center,Waterbury,06702,"136 West Main St, Waterbury, CT, 06702",Infant/Toddler; Preschool,Kristen Jones,(203) 754-9622,,DCCC.13034; Registry 1790,24,169,0,193,Waterbury Bridge to Success Partnership,Krista Pisano | krista.pisano@waterbury.k12.ct.us | 203-573-6684,"Contact the program directly for current openings, schedule, eligibility, and family cost.",Connecticut Office of Early Childhood Early Start CT FY26 map,2026-08-25,Official state-funded provider record. Funded-space counts are not the same as current openings.
Jissel Hernandez-Batista Family Child Care Home,Provider,Early Start CT funded child care,Family Home,Waterbury,06704,"18 DRIGGS ST, Waterbury, CT, 06704",Infant/Toddler; Preschool; School age,Jissel Hernandez-Batista,(203) 706-5611,,DCFH.57067; Registry 8343,2,3,4,9,Waterbury Bridge to Success Partnership,Krista Pisano | krista.pisano@waterbury.k12.ct.us | 203-573-6684,"Contact the program directly for current openings, schedule, eligibility, and family cost.",Connecticut Office of Early Childhood Early Start CT FY26 map,2026-08-25,Official state-funded provider record. Funded-space counts are not the same as current openings.
Muriel H. Moore Child Development Center,Provider,Early Start CT funded child care,Child Care Center,Waterbury,06702,"444 North Main St, Waterbury, CT, 06702",Infant/Toddler; Preschool,Adrienne Ricciardi,(203) 759-0841,,DCCC.15333; Registry 1427,72,206,0,278,Waterbury Bridge to Success Partnership,Krista Pisano | krista.pisano@waterbury.k12.ct.us | 203-573-6684,"Contact the program directly for current openings, schedule, eligibility, and family cost.",Connecticut Office of Early Childhood Early Start CT FY26 map,2026-08-25,Official state-funded provider record. Funded-space counts are not the same as current openings.
Santa Hernandez Family Child Care Home,Provider,Early Start CT funded child care,Family Home,Waterbury,06704,"54 Young st, Waterbury, CT, 06704",Infant/Toddler; School age,Santa Hernandez,(203) 440-6628,,DCFH.57419; Registry 9440,4,0,1,5,Waterbury Bridge to Success Partnership,Krista Pisano | krista.pisano@waterbury.k12.ct.us | 203-573-6684,"Contact the program directly for current openings, schedule, eligibility, and family cost.",Connecticut Office of Early Childhood Early Start CT FY26 map,2026-08-25,Official state-funded provider record. Funded-space counts are not the same as current openings.
TEAM - Slocum Center,Provider,Early Start CT funded child care,Child Care Center,Waterbury,06704,"25 Rumford St, Waterbury, CT, 06704",Infant/Toddler; Preschool,Jamie Peterson,(203) 734-8609,,DCCC.70257; Registry 7494,46,121,0,167,Waterbury Bridge to Success Partnership,Krista Pisano | krista.pisano@waterbury.k12.ct.us | 203-573-6684,"Contact the program directly for current openings, schedule, eligibility, and family cost.",Connecticut Office of Early Childhood Early Start CT FY26 map,2026-08-25,Official state-funded provider record. Funded-space counts are not the same as current openings.
The Ark Early Care & Education Center,Provider,Early Start CT funded child care,Child Care Center,Waterbury,06702,"222 W Main St, Waterbury, CT, 06702",Preschool,Vatsala Kumar/ Rashmi Choudhary ,(203) 757-9917,,DCCC.70835; Registry 1649,0,60,0,60,Waterbury Bridge to Success Partnership,Krista Pisano | krista.pisano@waterbury.k12.ct.us | 203-573-6684,"Contact the program directly for current openings, schedule, eligibility, and family cost.",Connecticut Office of Early Childhood Early Start CT FY26 map,2026-08-25,Official state-funded provider record. Funded-space counts are not the same as current openings.
The Center for Early Childhood Education at NVCC,Provider,Early Start CT funded child care,Child Care Center,Waterbury,06708,"750 Chase PKWY, Waterbury, CT, 06708",Preschool,Laura Petrakopoulos,(203) 596-8604,,DCCC.14201; Registry 1413,0,22,0,22,Waterbury Bridge to Success Partnership,Krista Pisano | krista.pisano@waterbury.k12.ct.us | 203-573-6684,"Contact the program directly for current openings, schedule, eligibility, and family cost.",Connecticut Office of Early Childhood Early Start CT FY26 map,2026-08-25,Official state-funded provider record. Funded-space counts are not the same as current openings.
Waterbury BOE At Bucks Hill Annex,Provider,Early Start CT funded child care,Public School,Waterbury,06704,"330 Bucks Hill Rd, Waterbury, CT, 06704",Preschool,Maureen Bergin,(203) 574-8024,,EXEMPT; Registry 1830,0,90,0,90,Waterbury Bridge to Success Partnership,Krista Pisano | krista.pisano@waterbury.k12.ct.us | 203-573-6684,"Contact the program directly for current openings, schedule, eligibility, and family cost.",Connecticut Office of Early Childhood Early Start CT FY26 map,2026-08-25,Official state-funded provider record. Funded-space counts are not the same as current openings.
Waterbury Boe At Carrington School,Provider,Early Start CT funded child care,Public School,Waterbury,06708,"24 Kenmore Ave, Waterbury, CT, 06708",Preschool,Maureen Bergin,(203) 574-8024,,EXEMPT; Registry 6396,0,36,0,36,Waterbury Bridge to Success Partnership,Krista Pisano | krista.pisano@waterbury.k12.ct.us | 203-573-6684,"Contact the program directly for current openings, schedule, eligibility, and family cost.",Connecticut Office of Early Childhood Early Start CT FY26 map,2026-08-25,Official state-funded provider record. Funded-space counts are not the same as current openings.
Waterbury Boe At Chase School,Provider,Early Start CT funded child care,Public School,Waterbury,06705,"40 Woodtick Rd, Waterbury, CT, 06705",Preschool,Maureen Bergin,(203) 574-8024,,EXEMPT; Registry 8174,0,10,0,10,Waterbury Bridge to Success Partnership,Krista Pisano | krista.pisano@waterbury.k12.ct.us | 203-573-6684,"Contact the program directly for current openings, schedule, eligibility, and family cost.",Connecticut Office of Early Childhood Early Start CT FY26 map,2026-08-25,Official state-funded provider record. Funded-space counts are not the same as current openings.
Waterbury Boe At Driggs School,Provider,Early Start CT funded child care,Public School,Waterbury,06710,"77 Woodlawn Terr, Waterbury, CT, 06710",Preschool,Maureen Bergin,(203) 574-8024,,EXEMPT; Registry 8175,0,36,0,36,Waterbury Bridge to Success Partnership,Krista Pisano | krista.pisano@waterbury.k12.ct.us | 203-573-6684,"Contact the program directly for current openings, schedule, eligibility, and family cost.",Connecticut Office of Early Childhood Early Start CT FY26 map,2026-08-25,Official state-funded provider record. Funded-space counts are not the same as current openings.
Waterbury Boe At Duggan School,Provider,Early Start CT funded child care,Public School,Waterbury,06708,"38 West Porter St, Waterbury, CT, 06708",Preschool,Maureen Bergin,(203) 574-8024,,EXEMPT; Registry 6257,0,28,0,28,Waterbury Bridge to Success Partnership,Krista Pisano | krista.pisano@waterbury.k12.ct.us | 203-573-6684,"Contact the program directly for current openings, schedule, eligibility, and family cost.",Connecticut Office of Early Childhood Early Start CT FY26 map,2026-08-25,Official state-funded provider record. Funded-space counts are not the same as current openings.
Waterbury Boe At Gilmartin School,Provider,Early Start CT funded child care,Public School,Waterbury,06706,"94 Spring Lake Rd, Waterbury, CT, 06706",Preschool,Maureen Bergin,(203) 574-8024,,EXEMPT; Registry 6256,0,32,0,32,Waterbury Bridge to Success Partnership,Krista Pisano | krista.pisano@waterbury.k12.ct.us | 203-573-6684,"Contact the program directly for current openings, schedule, eligibility, and family cost.",Connecticut Office of Early Childhood Early Start CT FY26 map,2026-08-25,Official state-funded provider record. Funded-space counts are not the same as current openings.
Waterbury Boe at International School,Provider,Early Start CT funded child care,Public School,Waterbury,06705,"116 Beecher Avenue, Waterbury, CT, 06705",Preschool,Maureen Bergin,(203) 574-8024,,EXEMPT; Registry 9619,0,36,0,36,Waterbury Bridge to Success Partnership,Krista Pisano | krista.pisano@waterbury.k12.ct.us | 203-573-6684,"Contact the program directly for current openings, schedule, eligibility, and family cost.",Connecticut Office of Early Childhood Early Start CT FY26 map,2026-08-25,Official state-funded provider record. Funded-space counts are not the same as current openings.
Waterbury Boe At Jonathan Reed School,Provider,Early Start CT funded child care,Public School,Waterbury,06704,"33 Griggs St, Waterbury, CT, 06704",Preschool,Maureen Bergin,(203) 574-8024,,EXEMPT; Registry 6380,0,28,0,28,Waterbury Bridge to Success Partnership,Krista Pisano | krista.pisano@waterbury.k12.ct.us | 203-573-6684,"Contact the program directly for current openings, schedule, eligibility, and family cost.",Connecticut Office of Early Childhood Early Start CT FY26 map,2026-08-25,Official state-funded provider record. Funded-space counts are not the same as current openings.
Waterbury Boe At Sprague School,Provider,Early Start CT funded child care,Public School,Waterbury,06704,"1443 Thomason Ave, Waterbury, CT, 06704",Preschool,Maureen Bergin,(203) 574-8024,,EXEMPT; Registry 6381,0,36,0,36,Waterbury Bridge to Success Partnership,Krista Pisano | krista.pisano@waterbury.k12.ct.us | 203-573-6684,"Contact the program directly for current openings, schedule, eligibility, and family cost.",Connecticut Office of Early Childhood Early Start CT FY26 map,2026-08-25,Official state-funded provider record. Funded-space counts are not the same as current openings.
Waterbury Boe At Washington School,Provider,Early Start CT funded child care,Public School,Waterbury,06706,"685 Baldwin St, Waterbury, CT, 06706",Preschool,Maureen Bergin,(203) 574-8024,,EXEMPT; Registry 8176,0,28,0,28,Waterbury Bridge to Success Partnership,Krista Pisano | krista.pisano@waterbury.k12.ct.us | 203-573-6684,"Contact the program directly for current openings, schedule, eligibility, and family cost.",Connecticut Office of Early Childhood Early Start CT FY26 map,2026-08-25,Official state-funded provider record. Funded-space counts are not the same as current openings.
Yolanda Amancio Family Child Care Home,Provider,Early Start CT funded child care,Family Home,Waterbury,06704,"82 GRIGGS ST, Waterbury, CT, 06704",Infant/Toddler; Preschool; School age,Yolanda Amancio,(407) 405-5248,,DCFH.52593; Registry 4836,2,3,3,8,Waterbury Bridge to Success Partnership,Krista Pisano | krista.pisano@waterbury.k12.ct.us | 203-573-6684,"Contact the program directly for current openings, schedule, eligibility, and family cost.",Connecticut Office of Early Childhood Early Start CT FY26 map,2026-08-25,Official state-funded provider record. Funded-space counts are not the same as current openings.
Carelot Children's Center Waterford,Provider,Early Start CT funded child care,Child Care Center,Waterford,06385,"203 Boston Post Rd, Waterford, CT, 06385",Infant/Toddler; Preschool,Susan Purcell,(860) 425-6566,,DCCC.15148; Registry 1240,7,4,0,11,New London LGP,Kelly Davis | kdavis@learn.k12.ct.us | 860-434-4800 ext. 1128,"Contact the program directly for current openings, schedule, eligibility, and family cost.",Connecticut Office of Early Childhood Early Start CT FY26 map,2026-08-25,Official state-funded provider record. Funded-space counts are not the same as current openings.
Creating Connections Early Learning Center,Provider,Early Start CT funded child care,Child Care Center,Waterford,06385,"24 Rope Ferry Rd, Waterford, CT, 06385",Infant/Toddler,TBD,N/A,,DCCC.70842; Registry 13188,10,0,0,10,New London LGP,Kelly Davis | kdavis@learn.k12.ct.us | 860-434-4800 ext. 1128,"Contact the program directly for current openings, schedule, eligibility, and family cost.",Connecticut Office of Early Childhood Early Start CT FY26 map,2026-08-25,Official state-funded provider record. Funded-space counts are not the same as current openings.
Kangaroo's Korner Day Care,Provider,Early Start CT funded child care,Child Care Center,Watertown,06795,"120 French Mountain Rd, Watertown, CT, 06795",Infant/Toddler; Preschool,Lisa Osterberg,(860) 945-6628,,DCCC.15184; Registry 1618,10,7,0,17,Thomaston/Plymouth LGP,Michelle Anderson | andersonm@edadvance.org | 860-567-0863 ext 1177,"Contact the program directly for current openings, schedule, eligibility, and family cost.",Connecticut Office of Early Childhood Early Start CT FY26 map,2026-08-25,Official state-funded provider record. Funded-space counts are not the same as current openings.
Knight Hall School & Child Care Center,Provider,Early Start CT funded child care,Child Care Center,West Hartford,06119,"411 Park Rd, West Hartford, CT, 06119",Preschool,Martha Wylie,(860) 232-9015,,DCCC.13731; Registry 2547,0,4,0,4,West Hartford LGP,Amy Yarbrough | earlystartwh@gmail.com | TBD,"Contact the program directly for current openings, schedule, eligibility, and family cost.",Connecticut Office of Early Childhood Early Start CT FY26 map,2026-08-25,Official state-funded provider record. Funded-space counts are not the same as current openings.
Monica Vergara Family Child Care Home (Angels Daycare),Provider,Early Start CT funded child care,Family Home,West Hartford,06110,"24 Florence Street, West Hartford, CT, 06110",Infant/Toddler,Arunan Arulampalam,(860) 757-9595,,DCFH.56900; Registry 8025,5,0,0,5,West Hartford LGP,Amy Yarbrough | earlystartwh@gmail.com | TBD,"Contact the program directly for current openings, schedule, eligibility, and family cost.",Connecticut Office of Early Childhood Early Start CT FY26 map,2026-08-25,Official state-funded provider record. Funded-space counts are not the same as current openings.
Patricia J. Rodriguez Family Child Care Home (Angels Place LLC),Provider,Early Start CT funded child care,Family Home,West Hartford,06110,"115 St. Augustine Street, West Hartford, CT, 06110",Infant/Toddler,Arunan Arulampalam,(860) 757-9595,,DCFH.57338; Registry 8968,5,0,0,5,West Hartford LGP,Amy Yarbrough | earlystartwh@gmail.com | TBD,"Contact the program directly for current openings, schedule, eligibility, and family cost.",Connecticut Office of Early Childhood Early Start CT FY26 map,2026-08-25,Official state-funded provider record. Funded-space counts are not the same as current openings.
The School For Young Children At The University of Saint Joseph,Provider,Early Start CT funded child care,Child Care Center,West Hartford,06117,"238 Steele Rd, West Hartford, CT, 06117",Preschool,Susan O'Donnell,(860) 231-5560,,DCCC.15428; Registry 454,0,4,0,4,West Hartford LGP,Amy Yarbrough | earlystartwh@gmail.com | TBD,"Contact the program directly for current openings, schedule, eligibility, and family cost.",Connecticut Office of Early Childhood Early Start CT FY26 map,2026-08-25,Official state-funded provider record. Funded-space counts are not the same as current openings.
West Hartford Boe At Charter Oak Academy,Provider,Early Start CT funded child care,Public School,West Hartford,06117,"425 Oakwood Ave, West Hartford, CT, 06117",Preschool,Irene Garneau,(860) 929-5552,,EXEMPT; Registry 1769,0,16,0,16,West Hartford LGP,Amy Yarbrough | earlystartwh@gmail.com | TBD,"Contact the program directly for current openings, schedule, eligibility, and family cost.",Connecticut Office of Early Childhood Early Start CT FY26 map,2026-08-25,Official state-funded provider record. Funded-space counts are not the same as current openings.
West Hartford Boe At Smith Preschool,Provider,Early Start CT funded child care,Public School,West Hartford,06119,"64 Saint James Street, West Hartford, CT, 06119",Preschool,Irene Garneau,(860) 929-5552,,EXEMPT; Registry 1768,0,6,0,6,West Hartford LGP,Amy Yarbrough | earlystartwh@gmail.com | TBD,"Contact the program directly for current openings, schedule, eligibility, and family cost.",Connecticut Office of Early Childhood Early Start CT FY26 map,2026-08-25,Official state-funded provider record. Funded-space counts are not the same as current openings.
West Hartford Boe At Webster Hill School,Provider,Early Start CT funded child care,Public School,West Hartford,06107,"125 Webster Hill Blvd, West Hartford, CT, 06107",Preschool,Irene Garneau,(860) 929-5552,,EXEMPT; Registry 1861,0,7,0,7,West Hartford LGP,Amy Yarbrough | earlystartwh@gmail.com | TBD,"Contact the program directly for current openings, schedule, eligibility, and family cost.",Connecticut Office of Early Childhood Early Start CT FY26 map,2026-08-25,Official state-funded provider record. Funded-space counts are not the same as current openings.
Yanette Bambaren Family Child Care Home (Lici’s Daycare),Provider,Early Start CT funded child care,Family Home,West Hartford,06110,"11 Meriline Avenue, West Hartford, CT, 06110",Infant/Toddler,Arunan Arulampalam,(860) 757-9595,,DCFH.56947; Registry 8132,5,0,0,5,West Hartford LGP,Amy Yarbrough | earlystartwh@gmail.com | TBD,"Contact the program directly for current openings, schedule, eligibility, and family cost.",Connecticut Office of Early Childhood Early Start CT FY26 map,2026-08-25,Official state-funded provider record. Funded-space counts are not the same as current openings.
Yessy Frias-Martinez Family Child Care Home (Little Builder’s Child Care Home),Provider,Early Start CT funded child care,Family Home,West Hartford,06119,"189 S. Highland Street, West Hartford, CT, 06119",Infant/Toddler,Arunan Arulampalam,(860) 757-9595,,DCFH.57004; Registry 8265,4,0,0,4,West Hartford LGP,Amy Yarbrough | earlystartwh@gmail.com | TBD,"Contact the program directly for current openings, schedule, eligibility, and family cost.",Connecticut Office of Early Childhood Early Start CT FY26 map,2026-08-25,Official state-funded provider record. Funded-space counts are not the same as current openings.
YWCA Elmwood Early Learning Center,Provider,Early Start CT funded child care,Child Care Center,West Hartford,06110,"1106 New Britain Ave, West Hartford, CT, 06110",Infant/Toddler; Preschool,Jen Chung,(860) 233-7906,,DCCC.13096; Registry 2405,24,40,0,64,West Hartford LGP,Amy Yarbrough | earlystartwh@gmail.com | TBD,"Contact the program directly for current openings, schedule, eligibility, and family cost.",Connecticut Office of Early Childhood Early Start CT FY26 map,2026-08-25,Official state-funded provider record. Funded-space counts are not the same as current openings.
Gamila Elbashir Family Child Care Home,Provider,Early Start CT funded child care,Family Home,West Haven,06516,"560 1st St, West Haven, CT, 06516",Infant/Toddler; School age,Gamila G Elbashir,(203) 909-4966,,DCFH.56065; Registry 6270,6,0,3,9,West Haven Early Childhood Council,Kathi Malone | whcdcmalone@yahoo.com | 203-931-9991,"Contact the program directly for current openings, schedule, eligibility, and family cost.",Connecticut Office of Early Childhood Early Start CT FY26 map,2026-08-25,Official state-funded provider record. Funded-space counts are not the same as current openings.
Kid's Club Learning and Day Care,Provider,Early Start CT funded child care,Child Care Center,West Haven,06516,"270 Center St, West Haven, CT, 06516",Infant/Toddler; Preschool,Elizabeth Heon,(203) 937-0899,,DCCC.15120; Registry 1129,2,30,0,32,West Haven Early Childhood Council,Kathi Malone | whcdcmalone@yahoo.com | 203-931-9991,"Contact the program directly for current openings, schedule, eligibility, and family cost.",Connecticut Office of Early Childhood Early Start CT FY26 map,2026-08-25,Official state-funded provider record. Funded-space counts are not the same as current openings.
Kiddie Tech University,Provider,Early Start CT funded child care,Child Care Center,West Haven,06516,"1120 Boston Post Rd, West Haven, CT, 06516",Preschool; School age,Shakeera Nelson,(203) 508-5293,,DCCC.70202; Registry 7208,0,37,1,38,West Haven Early Childhood Council,Kathi Malone | whcdcmalone@yahoo.com | 203-931-9991,"Contact the program directly for current openings, schedule, eligibility, and family cost.",Connecticut Office of Early Childhood Early Start CT FY26 map,2026-08-25,Official state-funded provider record. Funded-space counts are not the same as current openings.
Kimberly Tucker Family Child Care Home (It Takes a Village) (FCCH),Provider,Early Start CT funded child care,Family Home,West Haven,06516,"334 Second Ave, West Haven, CT, 06516",Infant/Toddler; Preschool; School age,Georgia Goldburn,(860) 913-4906,,DCFH.57421; Registry 9435,4,3,2,9,West Haven Early Childhood Council,Kathi Malone | whcdcmalone@yahoo.com | 203-931-9991,"Contact the program directly for current openings, schedule, eligibility, and family cost.",Connecticut Office of Early Childhood Early Start CT FY26 map,2026-08-25,Official state-funded provider record. Funded-space counts are not the same as current openings.
Mary Baez Family Child Care Home,Provider,Early Start CT funded child care,Family Home,West Haven,06516,"660 Sawmill Road, West Haven, CT, 06516",Infant/Toddler; Preschool,Mary D. Baez,(203) 676-5352,,DCFH.56516; Registry 7395,2,1,0,3,West Haven Early Childhood Council,Kathi Malone | whcdcmalone@yahoo.com | 203-931-9991,"Contact the program directly for current openings, schedule, eligibility, and family cost.",Connecticut Office of Early Childhood Early Start CT FY26 map,2026-08-25,Official state-funded provider record. Funded-space counts are not the same as current openings.
Tutor Time of West Haven,Provider,Early Start CT funded child care,Child Care Center,West Haven,06516,"221 Bull Hill Ln, West Haven, CT, 06516",Infant/Toddler; Preschool,Jenn Mosman,(203) 937-7015,,DCCC.16091; Registry 1095,10,54,0,64,West Haven Early Childhood Council,Kathi Malone | whcdcmalone@yahoo.com | 203-931-9991,"Contact the program directly for current openings, schedule, eligibility, and family cost.",Connecticut Office of Early Childhood Early Start CT FY26 map,2026-08-25,Official state-funded provider record. Funded-space counts are not the same as current openings.
West Haven Child Development Center,Provider,Early Start CT funded child care,Child Care Center,West Haven,06516,"201 Noble St, West Haven, CT, 06516",Infant/Toddler; Preschool,Patrice Farquharson,(203) 932-2939,,DCCC.13368; Registry 1506,24,106,0,130,West Haven Early Childhood Council,Kathi Malone | whcdcmalone@yahoo.com | 203-931-9991,"Contact the program directly for current openings, schedule, eligibility, and family cost.",Connecticut Office of Early Childhood Early Start CT FY26 map,2026-08-25,Official state-funded provider record. Funded-space counts are not the same as current openings.
West Haven Community House Head Start I,Provider,Early Start CT funded child care,Child Care Center,West Haven,06516,"227 Elm St, West Haven, CT, 06516",Preschool,Chris Mazzacane,(203) 934-5221,,DCCC.12620; Registry 1669,0,27,0,27,West Haven Early Childhood Council,Kathi Malone | whcdcmalone@yahoo.com | 203-931-9991,"Contact the program directly for current openings, schedule, eligibility, and family cost.",Connecticut Office of Early Childhood Early Start CT FY26 map,2026-08-25,Official state-funded provider record. Funded-space counts are not the same as current openings.
Diana Gil Family Child Care Home (Little Wise Family Home DayCare LLC),Provider,Early Start CT funded child care,Family Home,Wethersfield,06109,"97 Brookside Circle, Wethersfield, CT, 06109",Infant/Toddler,Arunan Arulampalam,(860) 757-9595,,DCFH.56803; Registry 7957,2,0,0,2,Wethersfield Early Childhood Collaborative,Kimberly Bobin | kbobin@wethersfield.me | 860-929-1316,"Contact the program directly for current openings, schedule, eligibility, and family cost.",Connecticut Office of Early Childhood Early Start CT FY26 map,2026-08-25,Official state-funded provider record. Funded-space counts are not the same as current openings.
Elsa Quispe Family Child Care Home (Happy Kidz Daycare),Provider,Early Start CT funded child care,Family Home,Wethersfield,06109,"158 Dudley Road, Wethersfield, CT, 06109",Infant/Toddler,Arunan Arulampalam,(860) 757-9595,,DCFH.56582; Registry 7290,2,0,0,2,Wethersfield Early Childhood Collaborative,Kimberly Bobin | kbobin@wethersfield.me | 860-929-1316,"Contact the program directly for current openings, schedule, eligibility, and family cost.",Connecticut Office of Early Childhood Early Start CT FY26 map,2026-08-25,Official state-funded provider record. Funded-space counts are not the same as current openings.
EdAdvance At Pearson School,Provider,Early Start CT funded child care,Public School,Winchester,06098,"2 Wetmore Ave, Winchester, CT, 06098",Preschool,Carmella Galipault,(860) 482-5286,,EXEMPT; Registry 9746,0,17,0,17,Winchester LGP,Renee St. Hilaire | Renee.sthilaire@winchesterschools.org,"Contact the program directly for current openings, schedule, eligibility, and family cost.",Connecticut Office of Early Childhood Early Start CT FY26 map,2026-08-25,Official state-funded provider record. Funded-space counts are not the same as current openings.
Winsted Area Child Care Center - Prospect Street,Provider,Early Start CT funded child care,Child Care Center,Winchester,06098,"185 Prospect St, Winchester, CT, 06098",Infant/Toddler; Preschool; School age,Shannan Kinsella,(860) 379-0006,,DCCC.15769; Registry 710,20,33,4,57,Winchester LGP,Renee St. Hilaire | Renee.sthilaire@winchesterschools.org,"Contact the program directly for current openings, schedule, eligibility, and family cost.",Connecticut Office of Early Childhood Early Start CT FY26 map,2026-08-25,Official state-funded provider record. Funded-space counts are not the same as current openings.
Child & Family Development Resource Center,Provider,Early Start CT funded child care,Child Care Center,Windham,06226,"83 Windham St, Windham, CT, 06226",Infant/Toddler; Preschool,Niloufar Rezai,(860) 465-5270,,DCCC.16232; Registry 1844,8,56,0,64,Windham LGP,Karla Alamo | kalamo@windhamct.gov | 860-450-2122,"Contact the program directly for current openings, schedule, eligibility, and family cost.",Connecticut Office of Early Childhood Early Start CT FY26 map,2026-08-25,Official state-funded provider record. Funded-space counts are not the same as current openings.
New Heights Child Development Program,Provider,Early Start CT funded child care,Child Care Center,Windham,06226,"212 Jeffrey Rd, Windham, CT, 06226",Preschool,Dawn McQuade,(860) 456-4848,,DCCC.13749; Registry 1683,0,45,0,45,Windham LGP,Karla Alamo | kalamo@windhamct.gov | 860-450-2122,"Contact the program directly for current openings, schedule, eligibility, and family cost.",Connecticut Office of Early Childhood Early Start CT FY26 map,2026-08-25,Official state-funded provider record. Funded-space counts are not the same as current openings.
Windham BOE at Windham Early Childhood Center,Provider,Early Start CT funded child care,Public School,Windham,06226,"355 High St Unit C, Windham, CT, 06226",Preschool,Elizabeth Bumgardner,(860) 465-2105,,EXEMPT; Registry 8364,0,83,0,83,Windham LGP,Karla Alamo | kalamo@windhamct.gov | 860-450-2122,"Contact the program directly for current openings, schedule, eligibility, and family cost.",Connecticut Office of Early Childhood Early Start CT FY26 map,2026-08-25,Official state-funded provider record. Funded-space counts are not the same as current openings.
Windham Regional Community Council Early Childhood Program,Provider,Early Start CT funded child care,Child Care Center,Windham,06226,"478 Valley St, Windham, CT, 06226",Infant/Toddler; Preschool,Dawn McQuade,(860) 456-4848,,DCCC.70390; Registry 8189,32,60,0,92,Windham LGP,Karla Alamo | kalamo@windhamct.gov | 860-450-2122,"Contact the program directly for current openings, schedule, eligibility, and family cost.",Connecticut Office of Early Childhood Early Start CT FY26 map,2026-08-25,Official state-funded provider record. Funded-space counts are not the same as current openings.
First Church Early Learning Center,Provider,Early Start CT funded child care,Child Care Center,Windsor,06095,"107 Palisado Ave, Windsor, CT, 06095",Preschool,Kate Bodmer,(860) 688-4597,,DCCC.12671; Registry 463,0,21,0,21,Windsor LGP,Jean Barresi | jbarresi@crec.org | 860-324-3391,"Contact the program directly for current openings, schedule, eligibility, and family cost.",Connecticut Office of Early Childhood Early Start CT FY26 map,2026-08-25,Official state-funded provider record. Funded-space counts are not the same as current openings.
Windsor Locks Boe At North Street School,Provider,Early Start CT funded child care,Public School,Windsor Locks,06096,"325 North Street, Windsor Locks, CT, 06096",Preschool,Giovanna Testani,(860) 292-5027,,EXEMPT; Registry 6315,0,72,0,72,Windsor Locks LGP,Linda Zamal | lzamal@wlps.org | 860-907-8154,"Contact the program directly for current openings, schedule, eligibility, and family cost.",Connecticut Office of Early Childhood Early Start CT FY26 map,2026-08-25,Official state-funded provider record. Funded-space counts are not the same as current openings.
Childrens Village,Provider,Early Start CT funded child care,Child Care Center,Wolcott,06716,"545 Bound Line Rd, Wolcott, CT, 06716",Infant/Toddler; Preschool,Talhaht Mannan,(203) 879-5300,,DCCC.12811; Registry 1014,32,52,0,84,Wolcott LGP,Christopher Badenhop | badenhop_chris1@yahoo.com | 860-280-6235,"Contact the program directly for current openings, schedule, eligibility, and family cost.",Connecticut Office of Early Childhood Early Start CT FY26 map,2026-08-25,Official state-funded provider record. Funded-space counts are not the same as current openings.
